country,code,time,pct_chg,ma5,ma10,ma20,ma60,ema12,ema26,macd,macd_signal,macd_hist,rsi14,boll_upper,boll_lower,atr14,vol_ma5
US,ALAB,2024-03-20,,,,,,62.03,62.03,0.0,0.0,0.0,,,,12.89,
US,ALAB,2024-03-21,3.417701,,,,,62.356154,62.187037,0.169117,0.033823,0.270587,,,,13.252857,
US,ALAB,2024-03-22,9.119252,,,,,63.53213,62.765775,0.766355,0.18033,1.172051,,,,12.866939,
US,ALAB,2024-03-25,21.428571,,,,,66.834879,64.412755,2.422125,0.628689,3.586872,,,,13.158586,
US,ALAB,2024-03-26,-1.905882,72.912,,,,69.380283,65.817736,3.562547,1.21546,4.694173,96.347746,,,13.483687,10126092.2
US,ALAB,2024-03-27,-4.149676,76.49,,,,71.001778,66.862348,4.13943,1.800254,4.678351,88.88125,,,13.119138,7472372.6
US,ALAB,2024-03-28,-7.16967,78.498,,,,71.492273,67.405137,4.087136,2.257631,3.659011,78.088642,,,12.769914,5659124.4
US,ALAB,2024-04-01,-4.138024,78.722,,,,71.435,67.680312,3.754688,2.557042,2.395293,72.975788,,,12.388491,5645038.6
US,ALAB,2024-04-02,1.532621,76.164,,,,71.554231,68.015844,3.538387,2.753311,1.570151,73.635816,,,11.977171,4579085.6
US,ALAB,2024-04-03,-4.05761,73.344,73.128,,,71.204349,68.109486,3.094864,2.821622,0.546484,68.77336,,,11.529516,2800892.8
US,ALAB,2024-04-04,0.707275,71.314,73.902,,,70.98368,68.232487,2.751194,2.807536,-0.112685,69.140364,,,11.095264,2425041.0
US,ALAB,2024-04-05,2.250251,70.744,74.621,,,71.038499,68.462673,2.575826,2.761194,-0.370736,70.34307,,,10.829174,2242479.6
US,ALAB,2024-04-08,-1.990468,70.504,74.613,,,70.866422,68.570623,2.295799,2.668115,-0.744632,67.77041,,,10.43709,1629118.0
US,ALAB,2024-04-09,-2.216819,69.736,72.95,,,70.482357,68.555762,1.926595,2.519811,-1.186432,64.976913,,,10.048012,1453665.8
US,ALAB,2024-04-10,4.300132,70.142,71.743,,,70.609687,68.75978,1.849907,2.38583,-1.071846,67.696818,,,9.743154,1417736.0
US,ALAB,2024-04-11,6.001963,71.306,71.31,,,71.375889,69.265722,2.110167,2.330698,-0.441061,71.202951,,,9.528643,1572150.8
US,ALAB,2024-04-12,-3.783569,71.584,71.164,,,71.584214,69.522335,2.061878,2.276934,-0.430111,66.044419,,,9.209455,1516535.0
US,ALAB,2024-04-15,-1.966176,71.86,71.182,,,71.540488,69.654014,1.886474,2.198842,-0.624735,63.564719,,,9.164493,1768676.6
US,ALAB,2024-04-16,4.516129,73.09,71.413,,,71.998875,70.014457,1.984417,2.155957,-0.343079,66.605226,,,8.977744,1838060.4
US,ALAB,2024-04-17,-1.757917,73.47,71.806,72.467,,72.185202,70.251164,1.934038,2.111573,-0.355071,64.255933,83.237504,61.696496,8.649334,1813802.0
US,ALAB,2024-04-18,-3.127988,72.536,71.921,72.9115,,71.990555,70.300708,1.689848,2.027228,-0.674761,60.254918,82.602005,63.220995,8.364381,1598959.2
US,ALAB,2024-04-19,-9.066554,70.888,71.236,72.9285,,70.836624,69.870285,0.966339,1.81505,-1.697423,50.707437,82.558468,63.298532,8.531925,2160745.6
US,ALAB,2024-04-22,2.015816,69.786,70.823,72.718,,70.06022,69.568042,0.492179,1.550476,-2.116595,52.351296,82.76964,62.66636,8.225359,1924647.0
US,ALAB,2024-04-23,9.013528,69.226,71.158,72.054,,70.315571,69.727446,0.588125,1.358006,-1.539761,59.058517,80.378757,63.729243,8.189977,1928854.8
US,ALAB,2024-04-24,-1.017847,68.782,71.126,71.4345,,70.419329,69.820968,0.598361,1.206077,-1.215432,57.976592,77.941206,64.927794,8.059978,1943063.4
US,ALAB,2024-04-25,0.845189,68.916,70.726,71.018,,70.599432,69.952008,0.647425,1.094346,-0.893843,58.647145,76.237907,65.798093,7.905694,1920647.0
US,ALAB,2024-04-26,18.731666,73.018,71.953,71.5585,,72.814904,71.066674,1.74823,1.225123,1.046215,70.12216,79.506192,63.610808,8.41743,1722156.0
US,ALAB,2024-04-29,0.823529,77.0,73.393,72.2875,,74.797227,72.150624,2.646603,1.509419,2.274367,70.581071,82.337276,62.237724,8.412614,2176329.0
US,ALAB,2024-04-30,-1.096849,79.608,74.417,72.915,,76.329961,73.084652,3.245309,1.856597,2.777424,69.047369,84.340166,61.489834,8.205998,2270152.6
US,ALAB,2024-05-01,-11.715432,80.376,74.579,73.1925,,76.099198,73.213937,2.885261,2.06233,1.645862,55.361644,84.520218,61.864782,8.357713,2767842.4
US,ALAB,2024-05-02,5.652813,81.87,75.393,73.657,,76.554706,73.646979,2.907727,2.231409,1.352636,59.082207,85.145993,62.168007,8.325019,3041076.2
US,ALAB,2024-05-03,-2.65621,80.262,76.64,73.938,,76.617059,73.892388,2.724671,2.330062,0.789219,56.561708,85.461428,62.414572,8.068946,2866732.6
US,ALAB,2024-05-06,1.494283,78.744,77.872,74.3475,,76.846742,74.204803,2.641939,2.392437,0.499003,57.627751,85.852754,62.842246,7.801879,2533643.6
US,ALAB,2024-05-07,-2.458072,77.03,78.319,74.7385,,76.745705,74.351855,2.39385,2.39272,0.00226,55.192358,85.9319,63.5451,7.525316,2615277.4
US,ALAB,2024-05-08,-9.095682,75.916,78.146,74.636,,75.594058,73.97468,1.619377,2.238051,-1.237348,47.405186,85.989504,63.282496,7.708508,2905797.6
US,ALAB,2024-05-09,1.155068,74.116,77.993,74.3595,,74.742664,73.684704,1.05796,2.002033,-1.888146,48.311823,85.874802,62.844198,7.453614,3035804.0
US,ALAB,2024-05-10,0.028547,72.74,76.501,74.227,,74.025331,73.417689,0.607642,1.723155,-2.231025,48.3358,85.874477,62.579523,7.299785,2973131.4
US,ALAB,2024-05-13,0.256849,71.17,74.957,74.175,,73.44605,73.183786,0.262264,1.430977,-2.337426,48.567051,85.88341,62.46659,7.072657,2971973.4
US,ALAB,2024-05-14,2.931967,70.396,73.713,74.065,,73.272811,73.119802,0.153009,1.175383,-2.044748,51.256062,85.799686,62.330314,6.858182,2815802.6
US,ALAB,2024-05-15,7.051991,72.028,73.972,74.2755,,73.91084,73.438335,0.472505,1.034808,-1.124605,57.219356,86.09204,62.45896,6.794026,2284527.0
US,ALAB,2024-05-16,-5.709119,72.616,73.366,74.3795,,73.770711,73.405866,0.364845,0.900815,-1.07194,51.355427,86.112396,62.646604,6.695881,2060076.8
US,ALAB,2024-05-17,-0.684932,73.1,72.92,74.78,,73.575217,73.338765,0.236452,0.767943,-1.06298,50.722176,85.650387,63.909613,6.470461,1935186.4
US,ALAB,2024-05-20,0.013793,73.55,72.36,75.116,,73.411337,73.277375,0.133963,0.641147,-1.014368,50.73526,85.244193,64.987807,6.221142,1815651.2
US,ALAB,2024-05-21,1.14467,73.754,72.075,75.197,,73.400362,73.282014,0.118349,0.536587,-0.836476,51.877352,85.24082,65.15318,6.038918,1713769.6
US,ALAB,2024-05-22,-0.272702,72.898,72.463,75.3045,,73.360307,73.271494,0.088813,0.447032,-0.716439,51.567129,85.210992,65.398008,5.778281,1417130.2
US,ALAB,2024-05-23,-4.19743,72.312,72.464,75.2285,,72.854106,73.034346,-0.180241,0.321578,-1.003637,46.92814,85.270212,65.186788,5.876261,1424513.2
US,ALAB,2024-05-24,2.740117,72.21,72.655,74.578,,72.721166,72.956987,-0.235821,0.210098,-0.891838,49.96004,83.641361,65.514639,5.652957,1355250.2
US,ALAB,2024-05-28,-4.306154,71.486,72.518,73.7375,,72.131756,72.655729,-0.523973,0.063284,-1.174513,45.445755,81.550927,65.924073,5.584174,1538023.0
US,ALAB,2024-05-29,-2.090289,70.308,72.031,72.872,,71.411486,72.27012,-0.858634,-0.1211,-1.475068,43.480382,79.32651,66.41749,5.361733,1588139.4
US,ALAB,2024-05-30,-2.979985,68.768,70.833,72.4025,,70.492796,71.764185,-1.271389,-0.351158,-1.840463,40.826325,79.548069,65.256931,5.398038,1891212.0
US,ALAB,2024-05-31,-1.375306,67.662,69.987,71.6765,,69.576981,71.22906,-1.652079,-0.611342,-2.081474,39.659005,78.918749,64.434251,5.318892,1752206.4
US,ALAB,2024-06-03,-1.425473,65.988,69.099,71.0095,,68.660522,70.665426,-2.004903,-0.890054,-2.229699,38.448791,78.6298,63.3892,5.2304,1905050.8
US,ALAB,2024-06-04,-3.788117,64.452,67.969,70.1645,,67.514288,69.965024,-2.450736,-1.20219,-2.497091,35.401228,78.185441,62.143559,5.063228,1815976.2
US,ALAB,2024-06-05,1.63372,63.404,66.856,69.4655,,66.698244,69.390578,-2.692334,-1.500219,-2.384229,37.610991,77.698032,61.232968,4.955855,1945953.0
US,ALAB,2024-06-06,1.285967,62.918,65.843,69.153,,66.130822,68.917942,-2.787121,-1.757599,-2.059042,39.397026,77.854161,60.451839,4.850437,1680833.8
US,ALAB,2024-06-07,-1.698143,62.398,65.03,68.747,,65.48608,68.401058,-2.914978,-1.989075,-1.851805,37.836844,77.982356,59.511644,4.701834,1610202.8
US,ALAB,2024-06-10,7.684856,63.014,64.501,68.578,,65.672837,68.275053,-2.602217,-2.111703,-0.981026,47.749887,77.833281,59.322719,4.743132,1669455.6
US,ALAB,2024-06-11,-2.353823,63.798,64.125,68.3215,,65.589324,68.042087,-2.452763,-2.179915,-0.545695,45.190151,77.660074,58.982926,4.582194,1541788.2
US,ALAB,2024-06-12,-0.859819,64.27,63.837,67.934,,65.432505,67.784895,-2.35239,-2.21441,-0.27596,44.278377,77.219768,58.648232,4.506323,1360674.4
US,ALAB,2024-06-13,-2.261112,64.29,63.604,67.2185,71.320333,65.075196,67.438606,-2.36341,-2.24421,-0.2384,41.904522,75.634859,58.802141,4.455157,1312667.2
US,ALAB,2024-06-14,1.283473,64.686,63.542,66.7645,71.351833,64.897474,67.177969,-2.280495,-2.251467,-0.058056,43.707658,74.8578,58.6712,4.36336,1371598.4
US,ALAB,2024-06-17,1.501877,64.322,63.668,66.3835,71.364,64.894785,67.007749,-2.112964,-2.223767,0.221606,45.852692,74.068025,58.698975,4.258834,1270323.4
US,ALAB,2024-06-18,3.51418,64.728,64.263,66.116,71.316667,65.24328,67.019027,-1.775747,-2.134163,0.716831,50.661313,73.283949,58.948051,4.262489,1344598.8
US,ALAB,2024-06-20,-5.955926,64.446,64.358,65.607,70.952667,64.922775,66.733173,-1.810398,-2.06941,0.518024,43.382392,72.060954,59.153046,4.361597,1476600.6
US,ALAB,2024-06-21,-6.570614,63.626,63.958,64.9005,70.5465,64.013118,66.161086,-2.147969,-2.085121,-0.125694,37.381448,70.984234,58.816766,4.352911,2073114.6
US,ALAB,2024-06-24,-0.152517,62.626,63.656,64.343,70.1965,63.229561,65.624709,-2.395148,-2.147127,-0.496043,37.261072,70.473018,58.212982,4.300561,2092079.4
US,ALAB,2024-06-25,-1.88391,61.212,62.767,63.634,69.9235,62.395782,65.045842,-2.65006,-2.247713,-0.804692,35.732747,69.326723,57.941277,4.176235,1955097.4
US,ALAB,2024-06-26,-3.822868,58.9,61.814,62.9695,69.664833,61.350277,64.34615,-2.995873,-2.397345,-1.197055,32.844238,69.135924,56.803076,4.193647,2010645.8
US,ALAB,2024-06-27,4.100719,57.844,61.145,62.491,69.426,60.816389,63.867176,-3.050787,-2.528034,-1.045507,38.378583,68.677643,56.304357,4.141243,1883318.0
US,ALAB,2024-06-28,4.543884,58.144,60.885,62.2445,69.279833,60.769252,63.618496,-2.849244,-2.592276,-0.513937,44.101156,68.333593,56.155407,4.12544,1642836.2
US,ALAB,2024-07-01,-4.90828,57.868,60.247,61.8945,69.076,60.272444,63.168237,-2.895793,-2.652979,-0.485628,39.625842,68.215865,55.573135,4.143623,1710259.8
US,ALAB,2024-07-02,5.144247,58.406,59.809,61.7385,68.895333,60.307453,62.97059,-2.663138,-2.655011,-0.016253,45.55572,68.035783,55.441217,4.114793,1734485.8
US,ALAB,2024-07-03,-1.917355,59.154,59.027,61.645,68.719,60.158614,62.701657,-2.543044,-2.632617,0.179147,43.742505,68.02587,55.26413,4.013736,1498019.8
US,ALAB,2024-07-05,0.16852,59.466,58.655,61.5065,68.570167,60.048058,62.460053,-2.411995,-2.588493,0.352995,43.94962,67.952222,55.060778,3.934898,1460383.0
US,ALAB,2024-07-08,-0.891655,59.146,58.645,61.3015,68.3635,59.872972,62.197086,-2.324114,-2.535617,0.423006,43.045106,67.803461,54.799539,3.837405,1140095.2
US,ALAB,2024-07-09,-4.600238,58.878,58.373,61.0145,68.040333,59.307899,61.752858,-2.444958,-2.517486,0.145054,38.663441,67.875224,54.153776,3.821162,1062410.2
US,ALAB,2024-07-10,1.209964,58.154,58.28,60.5235,67.776167,58.934376,61.391905,-2.457529,-2.505494,0.095931,40.305446,67.08544,53.96156,3.71465,1072474.0
US,ALAB,2024-07-11,-3.059072,57.314,58.234,60.024,67.506833,58.350626,60.928801,-2.578175,-2.52003,-0.116289,37.536386,66.628051,53.419949,3.665747,1208056.8
US,ALAB,2024-07-12,1.360174,56.604,58.035,59.59,67.196333,57.972068,60.555557,-2.583488,-2.532722,-0.101533,39.466837,66.081906,53.098094,3.579622,1242039.8
US,ALAB,2024-07-15,3.542673,56.396,57.771,59.328,66.940667,57.956365,60.356627,-2.400261,-2.50623,0.211937,44.356042,65.65128,53.00472,3.688935,1402844.6
US,ALAB,2024-07-16,-0.604804,56.66,57.769,59.008,66.717333,57.889232,60.146506,-2.257274,-2.456439,0.39833,43.684368,65.008895,53.007105,3.674725,1407959.0
US,ALAB,2024-07-17,-5.528512,56.152,57.153,58.481,66.548167,57.343197,59.716394,-2.373198,-2.43979,0.133185,38.047073,64.169743,52.792257,3.655816,1579914.4
US,ALAB,2024-07-18,-1.545823,55.824,56.569,57.798,66.343333,56.751936,59.255921,-2.503985,-2.452629,-0.102712,36.699832,62.31385,53.28215,3.608972,1522948.6
US,ALAB,2024-07-19,-3.476636,54.974,55.789,57.222,66.008667,55.965484,58.691779,-2.726295,-2.507362,-0.437864,33.84223,61.793628,52.650372,3.55976,1444533.8
US,ALAB,2024-07-22,2.556158,53.992,55.194,56.9195,65.708167,55.503102,58.267202,-2.764101,-2.55871,-0.410781,37.558091,61.769995,52.069005,3.445491,1183551.8
US,ALAB,2024-07-23,-0.660876,53.01,54.835,56.604,65.391833,55.058009,57.84815,-2.790141,-2.604996,-0.37029,36.965233,61.707244,51.500756,3.350099,1002563.4
US,ALAB,2024-07-24,-10.378255,51.572,53.862,56.071,64.761,53.841392,57.055695,-3.214302,-2.726857,-0.97489,29.217148,62.589549,49.552451,3.543663,1135167.8
US,ALAB,2024-07-25,-0.212089,50.282,53.053,55.6435,64.116833,52.796563,56.314532,-3.517969,-2.88508,-1.265779,29.096855,63.258733,48.028267,3.58983,1437442.2
US,ALAB,2024-07-26,0.191286,49.382,52.178,55.1065,63.489833,51.926322,55.634937,-3.708615,-3.049787,-1.317656,29.37867,63.490998,46.722002,3.506985,1660559.6
US,ALAB,2024-07-29,-2.397115,47.992,50.992,54.3815,63.0095,51.016119,54.921979,-3.90586,-3.221001,-1.369717,27.880307,63.264462,45.498538,3.464343,1768281.4
US,ALAB,2024-07-30,-8.23734,45.914,49.462,53.6155,62.3955,49.66287,53.981092,-4.318222,-3.440446,-1.755552,23.543237,63.820655,43.410345,3.522605,2080099.4
US,ALAB,2024-07-31,3.837044,45.252,48.412,52.7825,61.8435,48.767044,53.2299,-4.462856,-3.644928,-1.635857,28.652279,63.318269,42.246731,3.483133,1886139.4
US,ALAB,2024-08-01,-7.732664,43.932,47.107,51.838,61.215833,47.487499,52.28324,-4.795742,-3.87509,-1.841303,24.902273,63.206908,40.469092,3.604338,1766385.0
US,ALAB,2024-08-02,4.771323,42.98,46.181,50.985,60.652333,46.70173,51.549667,-4.847937,-4.06966,-1.556555,30.480804,62.503433,39.466567,3.888314,2013217.8
US,ALAB,2024-08-05,3.303445,42.534,45.263,50.2285,60.227667,46.252233,50.974136,-4.721903,-4.200109,-1.04359,34.293704,61.551327,38.905673,4.234148,2395339.8
US,ALAB,2024-08-06,-2.969392,42.586,44.25,49.5425,59.768,45.671889,50.344941,-4.673052,-4.294697,-0.756709,32.510604,60.996762,38.088238,4.188852,2465835.2
US,ALAB,2024-08-07,-14.383239,41.092,43.172,48.517,59.206167,44.240829,49.30976,-5.068931,-4.449544,-1.238774,25.737222,60.802304,36.231696,4.402505,3318175.2
US,ALAB,2024-08-08,12.757767,41.204,42.568,47.8105,58.718667,43.743779,48.694963,-4.951184,-4.549872,-0.802625,36.548645,60.116202,35.504798,4.482326,4126209.6
US,ALAB,2024-08-09,-0.243843,40.91,41.945,47.0615,58.195167,43.307813,48.118299,-4.810486,-4.601995,-0.416983,36.425566,59.13022,34.99278,4.335732,3918454.2
US,ALAB,2024-08-12,-2.88438,40.1,41.317,46.1545,57.567,42.75738,47.496944,-4.739564,-4.629509,-0.22011,34.930749,57.545236,34.763764,4.181751,3583577.0
US,ALAB,2024-08-13,1.686383,39.684,41.135,45.2985,57.023667,42.394706,46.971244,-4.576538,-4.618914,0.084753,36.523587,55.671824,34.925176,4.028054,3534377.4
US,ALAB,2024-08-14,-3.811881,40.182,40.637,44.5245,56.463,41.850905,46.370411,-4.519506,-4.599033,0.159054,34.436931,54.381003,34.667997,3.886765,2785017.4
US,ALAB,2024-08-15,11.42563,40.64,40.922,44.0145,55.976167,42.073843,46.142973,-4.06913,-4.493052,0.847844,44.314816,52.975427,35.053573,4.04771,2533201.6
US,ALAB,2024-08-16,-5.51963,40.64,40.775,43.478,55.435667,41.89479,45.755346,-3.860556,-4.366553,1.011995,40.755319,51.811356,35.144644,3.996445,3079414.4
US,ALAB,2024-08-19,0.43999,40.912,40.506,42.8845,54.9015,41.770976,45.409764,-3.638788,-4.221,1.164424,41.138786,50.039547,35.729453,3.830985,3221791.6
US,ALAB,2024-08-20,-4.697007,40.664,40.174,42.212,54.386333,41.369288,44.946819,-3.577531,-4.092306,1.02955,38.277926,47.977673,36.446327,3.766629,3423771.2
US,ALAB,2024-08-21,3.830439,41.024,40.603,41.8875,53.864167,41.260166,44.629277,-3.36911,-3.947667,1.157113,41.672883,47.219175,36.555825,3.691155,3474771.2
US,ALAB,2024-08-22,-2.164289,40.32,40.48,41.524,53.379,41.032449,44.270071,-3.237623,-3.805658,1.136071,40.273336,46.367166,36.680834,3.576787,2818687.0
US,ALAB,2024-08-23,5.002514,40.492,40.566,41.2555,52.951,41.145918,44.084881,-2.938963,-3.632319,1.386713,44.788933,45.363066,37.147934,3.532017,2376109.4
US,ALAB,2024-08-26,2.944697,40.874,40.893,41.105,52.577,41.431161,44.004519,-2.573358,-3.420527,1.694338,47.434301,44.692353,37.517647,3.445444,2577962.4
US,ALAB,2024-08-27,3.976744,41.984,41.324,41.2295,52.2465,41.935598,44.056777,-2.121179,-3.160657,2.078957,50.952743,45.122784,37.336216,3.383626,2724124.4
US,ALAB,2024-08-28,-2.661597,42.556,41.79,41.2135,51.9115,42.179352,44.017016,-1.837664,-2.896059,2.11679,48.51889,45.066158,37.360842,3.411225,2962224.4
US,ALAB,2024-08-29,10.799632,44.244,42.282,41.602,51.695,43.108683,44.328348,-1.219665,-2.56078,2.682229,57.212152,46.49494,36.70906,3.63328,4042504.4
US,ALAB,2024-08-30,-10.700954,44.502,42.497,41.636,51.375833,43.101193,44.234396,-1.133203,-2.275265,2.284123,47.690665,46.559448,36.712552,3.905903,5260722.0
US,ALAB,2024-09-03,-9.173247,43.724,42.299,41.4025,50.9775,42.487163,43.854811,-1.367648,-2.093741,1.452186,41.936984,46.340013,36.464987,3.919767,5470182.0
US,ALAB,2024-09-04,6.596778,43.12,42.552,41.363,50.64,42.364523,43.694455,-1.329932,-1.940979,1.222095,46.478955,46.27799,36.44801,3.930498,5539342.2
US,ALAB,2024-09-05,0.0,42.754,42.655,41.629,50.223167,42.26075,43.545977,-1.285227,-1.809829,1.049204,46.478955,45.977503,37.280497,3.825462,5433822.2
US,ALAB,2024-09-06,-4.05373,41.11,42.677,41.5785,49.804333,41.912942,43.283312,-1.370369,-1.721937,0.703135,43.871802,45.977747,37.179253,3.726501,4527242.2
US,ALAB,2024-09-09,-4.925,40.104,42.303,41.4345,49.362,41.315567,42.894178,-1.578611,-1.693272,0.229322,40.98573,46.092764,36.776236,3.635322,3411702.2
US,ALAB,2024-09-10,0.709966,39.942,41.833,41.363,48.9485,40.851633,42.553868,-1.702235,-1.695064,-0.014341,41.553228,46.165387,36.560613,3.509942,2847122.2
US,ALAB,2024-09-11,9.582245,39.998,41.559,41.4415,48.582667,41.02369,42.510619,-1.486929,-1.653437,0.333017,48.765277,46.229662,36.653338,3.542089,2552305.2
US,ALAB,2024-09-12,-1.453419,39.932,41.343,41.5665,48.190667,41.07543,42.425388,-1.349958,-1.592741,0.485567,47.711451,46.206812,36.926188,3.397654,2433997.4
US,ALAB,2024-09-13,5.053191,40.622,40.866,41.574,47.7955,41.440748,42.501285,-1.060537,-1.4863,0.851528,51.572881,46.225965,36.922035,3.310679,2586023.4
US,ALAB,2024-09-16,0.943613,41.788,40.946,41.7215,47.473833,41.812941,42.60193,-0.78899,-1.346838,1.115697,52.316807,46.466048,36.976952,3.183487,2551983.4
US,ALAB,2024-09-17,5.631555,43.394,41.668,41.9835,47.2625,42.507873,42.878084,-0.370211,-1.151513,1.562604,56.638398,47.121987,36.845013,3.165381,2963552.4
US,ALAB,2024-09-18,0.237427,44.288,42.143,42.3475,47.0545,43.112816,43.141929,-0.029114,-0.927033,1.795838,56.826062,47.662734,37.032266,3.099997,3600430.8
US,ALAB,2024-09-19,1.485788,45.442,42.687,42.671,46.8765,43.730844,43.437342,0.293502,-0.682926,1.952856,58.052436,48.31352,37.02848,3.019997,3842866.0
US,ALAB,2024-09-20,7.171653,46.854,43.738,43.2075,46.791667,44.773791,43.961243,0.812548,-0.383831,2.392759,63.519065,49.634406,36.780594,3.067854,4881367.8
US,ALAB,2024-09-23,0.376163,48.222,45.005,43.654,46.672,45.685516,44.46041,1.225106,-0.062044,2.574299,63.804619,50.81793,36.49007,2.977293,4847032.8
US,ALAB,2024-09-24,0.927022,49.19,46.292,44.0625,46.516333,46.529282,44.957417,1.571866,0.264738,2.614255,64.543953,51.928052,36.196948,2.873201,4448964.2
US,ALAB,2024-09-25,1.817471,50.322,47.305,44.432,46.425667,47.386316,45.486497,1.899819,0.591754,2.616129,66.022871,53.043459,35.820541,2.793687,3727310.0
US,ALAB,2024-09-26,5.086372,51.846,48.644,44.9935,46.329833,48.51919,46.172682,2.346508,0.942705,2.807606,69.878365,54.689993,35.297007,2.806995,3785722.6
US,ALAB,2024-09-27,-2.246575,52.448,49.651,45.2585,46.232833,49.288546,46.716928,2.571618,1.268488,2.60626,66.127599,55.563802,34.953198,2.840067,2912714.8
US,ALAB,2024-09-30,-2.11136,52.786,50.504,45.725,46.115333,49.765692,47.137156,2.628537,1.540498,2.176079,62.792979,56.427044,35.022956,2.783633,2842515.2
US,ALAB,2024-10-01,-3.263982,52.688,50.939,46.3035,45.978167,49.906355,47.399588,2.506767,1.733751,1.546031,58.024525,56.760739,35.846261,2.769088,2860957.6
US,ALAB,2024-10-02,-0.276243,52.376,51.349,46.746,45.883833,50.003839,47.632212,2.371627,1.861327,1.020602,57.638606,57.133653,36.358347,2.759153,2664768.2
US,ALAB,2024-10-03,-3.521963,51.178,51.512,47.0995,45.7485,49.812479,47.715751,2.096728,1.908407,0.376642,52.827736,57.25342,36.94558,2.707785,2285568.8
US,ALAB,2024-10-04,7.342084,50.942,51.695,47.7165,45.701833,50.201329,48.058288,2.14304,1.955333,0.375413,60.050018,57.564918,37.868082,2.7758,2274855.6
US,ALAB,2024-10-07,0.401223,50.974,51.88,48.4425,45.646167,50.562663,48.391008,2.171655,1.998598,0.346114,60.432706,57.430821,39.454179,2.7261,2290350.2
US,ALAB,2024-10-08,0.780209,51.43,52.059,49.1755,45.564333,50.931484,48.729452,2.202032,2.039285,0.325495,61.213891,57.058917,41.292083,2.684236,2299487.4
US,ALAB,2024-10-09,15.596677,53.566,52.971,50.138,45.626,52.514332,49.654677,2.859655,2.203359,1.312593,72.845508,58.917111,41.358889,3.220362,4505567.4
US,ALAB,2024-10-10,7.987586,57.036,54.107,51.3755,45.822167,54.605974,50.87359,3.732383,2.509164,2.446439,77.203998,61.698167,41.052833,3.423193,5772316.0
US,ALAB,2024-10-11,0.877326,59.906,55.424,52.5375,46.042,56.465055,52.045176,4.419878,2.891307,3.057144,77.661974,64.177971,40.897029,3.566537,6532609.2
US,ALAB,2024-10-14,-2.594092,62.388,56.681,53.5925,46.264,57.771969,53.00183,4.77014,3.267073,3.006133,72.953978,65.710765,41.474235,3.589641,6692095.8
US,ALAB,2024-10-15,-3.833128,64.29,57.86,54.3995,46.4225,58.494743,53.703176,4.791568,3.571972,2.439191,66.687679,66.624907,42.174093,3.653238,6932235.8
US,ALAB,2024-10-16,4.994397,65.164,59.365,55.357,46.638833,59.586321,54.583681,5.00264,3.858106,2.289069,70.147708,67.933489,42.780511,3.68515,5256695.8
US,ALAB,2024-10-17,0.609849,65.14,61.088,56.3,46.952833,60.571503,55.428594,5.142909,4.115066,2.055685,70.569753,69.094003,43.505997,3.699782,4679366.6
US,ALAB,2024-10-18,1.333535,65.176,62.541,57.118,47.283167,61.540502,56.276105,5.264397,4.344932,1.838929,71.523589,70.408981,43.827019,3.63194,3642226.6
US,ALAB,2024-10-21,0.463586,65.62,64.004,57.942,47.617167,62.408117,57.083801,5.324316,4.540809,1.567014,71.869466,71.578162,44.305838,3.505373,3541008.6
US,ALAB,2024-10-22,1.652277,66.784,65.537,58.798,47.9885,63.313022,57.91389,5.399132,4.712474,1.373317,73.128048,72.771481,44.824519,3.487132,3522258.2
US,ALAB,2024-10-23,-0.717528,67.226,66.195,59.583,48.414833,64.003327,58.646194,5.357132,4.841405,1.031453,71.605031,73.72612,45.43988,3.59448,3204064.2
US,ALAB,2024-10-24,3.687316,68.088,66.614,60.3605,48.855833,64.972046,59.509439,5.462606,4.965646,0.993921,74.520693,75.054344,45.666656,3.544874,2843751.0
US,ALAB,2024-10-25,3.371266,69.248,67.212,61.318,49.392833,66.156346,60.484296,5.672051,5.106927,1.130248,76.938271,76.588498,46.047502,3.630955,3430657.6
US,ALAB,2024-10-28,0.275217,70.386,68.003,62.342,49.901,67.189216,61.401755,5.787461,5.243033,1.088855,77.135433,77.825595,46.858405,3.551601,3258113.0
US,ALAB,2024-10-29,1.646768,71.542,69.163,63.5115,50.405833,68.247798,62.340144,5.907654,5.375958,1.063394,78.332387,78.827489,48.195511,3.450058,3070824.0
US,ALAB,2024-10-30,-0.769542,72.682,69.954,64.6595,50.922833,69.055829,63.1668,5.889029,5.478572,0.820915,76.289439,79.343164,49.975836,3.406482,2944738.0
US,ALAB,2024-10-31,-4.544218,72.654,70.371,65.7295,51.486,69.225702,63.684815,5.540887,5.491035,0.099704,65.508219,78.633866,52.825134,3.461019,2813551.2
US,ALAB,2024-11-01,3.549031,72.65,70.949,66.745,52.013333,69.752517,64.348902,5.403614,5.473551,-0.139873,69.02287,78.412074,55.077926,3.489518,2201524.6
US,ALAB,2024-11-04,-4.129387,72.006,71.196,67.6,52.492333,69.736745,64.741576,4.995169,5.377874,-0.765412,60.962812,77.325468,57.874532,3.621695,2901442.0
US,ALAB,2024-11-05,37.7028,76.374,73.958,69.7475,53.428667,73.7634,67.050348,6.713051,5.64491,2.136283,81.417827,83.660192,55.834808,5.341574,7453627.6
US,ALAB,2024-11-06,2.356376,81.308,76.995,71.595,54.3915,77.518261,69.355508,8.162753,6.148479,4.02855,82.278466,89.676317,53.513683,5.830033,10144527.6
US,ALAB,2024-11-07,-3.748599,86.174,79.414,73.014,55.318667,80.129298,71.217322,8.911976,6.701178,4.421596,76.097993,93.451684,52.576316,5.801459,10828027.6
US,ALAB,2024-11-08,5.090486,91.504,82.077,74.6445,56.252,83.078637,73.29752,9.781116,7.317166,4.927901,78.383597,97.823305,51.465695,5.819926,11365750.0
US,ALAB,2024-11-11,-7.099698,96.024,84.015,76.009,57.107667,84.489616,74.701408,9.788208,7.811374,3.953668,68.104167,99.947303,52.070697,6.187075,11993648.6
US,ALAB,2024-11-12,-1.626016,94.992,85.683,77.423,57.935333,85.452752,75.890192,9.562559,8.161611,2.801896,66.117403,101.336245,53.509755,6.152998,7916229.6
US,ALAB,2024-11-13,-1.597796,93.218,87.263,78.6085,58.771,86.044636,76.883511,9.161125,8.361514,1.599222,64.168649,102.408296,54.808704,6.057069,5472709.6
US,ALAB,2024-11-14,-0.907055,92.018,89.096,79.7335,59.568167,86.420846,77.743251,8.677595,8.42473,0.505729,63.050672,103.165344,56.301656,5.922993,4807189.6
US,ALAB,2024-11-15,-2.305345,89.448,90.476,80.7125,60.346,86.425331,78.388196,8.037135,8.347211,-0.620151,60.205705,103.54112,57.88388,5.795636,4597747.2
US,ALAB,2024-11-18,4.54598,89.074,92.549,81.8725,61.156167,87.033742,79.276477,7.757264,8.229222,-0.943915,63.612076,104.184602,59.560398,5.722377,4165727.2
US,ALAB,2024-11-19,5.310909,89.96,92.476,83.217,62.025833,88.287012,80.454516,7.832496,8.149877,-0.634761,67.294434,105.333062,61.100938,5.765778,4497300.0
US,ALAB,2024-11-20,2.353436,91.584,92.401,84.698,62.904333,89.692087,81.711219,7.980869,8.116075,-0.270413,68.877278,106.450127,62.945873,5.826794,5030542.2
US,ALAB,2024-11-21,6.877438,94.71,93.364,86.389,63.914333,91.911766,83.371128,8.540638,8.200988,0.6793,73.074746,108.653309,64.124691,6.192737,6274230.6
US,ALAB,2024-11-22,-1.767192,97.876,93.662,87.8695,64.815333,93.506879,84.771786,8.735093,8.307809,0.85457,70.271776,110.225584,65.513416,6.258256,6431360.2
US,ALAB,2024-11-25,4.917873,101.262,95.168,89.5915,65.886167,95.630436,86.441283,9.189153,8.484078,1.410151,73.28818,112.362599,66.820401,6.637666,6715387.0
US,ALAB,2024-11-26,-1.70534,103.322,96.641,91.162,66.992333,97.145754,87.851558,9.294195,8.646101,1.296188,70.48603,113.766482,68.557518,6.687833,6378627.0
US,ALAB,2024-11-27,-5.574516,103.758,97.671,92.467,67.9575,97.52333,88.721813,8.801517,8.677184,0.248665,62.25017,113.821185,71.112815,6.858702,6256949.6
US,ALAB,2024-11-29,3.664659,103.584,99.147,94.1215,68.9835,98.404356,89.797975,8.606381,8.663024,-0.113285,64.985175,113.325299,74.917701,6.805938,4800321.2
US,ALAB,2024-12-02,0.135593,103.806,100.841,95.6585,70.04,99.171378,90.804792,8.366586,8.603736,-0.4743,65.089651,112.520065,78.796935,6.618371,4488851.6
US,ALAB,2024-12-03,12.689815,105.646,103.454,98.0015,71.348,101.838859,92.708881,9.129977,8.708984,0.841986,73.169231,112.631003,83.371997,7.136344,4597729.6
US,ALAB,2024-12-04,-1.064286,107.604,105.463,98.9695,72.630833,103.905188,94.380075,9.525113,8.87221,1.305805,71.485301,115.371927,82.567073,7.083748,4666413.4
US,ALAB,2024-12-05,-0.511842,110.62,107.189,99.795,73.842667,105.562851,95.883773,9.679078,9.033584,1.290989,70.652128,117.558725,82.031275,6.943481,4182808.6
US,ALAB,2024-12-06,4.987792,114.05,108.817,101.0905,75.16,107.84549,97.69979,10.145699,9.256007,1.779385,73.835974,120.791293,81.389707,6.986803,4612810.0
US,ALAB,2024-12-09,1.353821,117.778,110.792,102.227,76.469667,110.027722,99.502028,10.525694,9.509944,2.0315,74.678985,123.906624,80.547376,6.915603,4774934.2
US,ALAB,2024-12-10,-3.163157,118.11,111.878,103.523,77.708167,111.28038,100.884841,10.395539,9.687063,1.416952,69.008559,125.753955,81.292045,7.077346,3933677.8
US,ALAB,2024-12-11,3.765761,119.58,113.592,105.1165,78.979667,113.024937,102.494853,10.530085,9.855668,1.348834,71.678439,128.015574,82.217426,7.220392,3705254.0
US,ALAB,2024-12-12,-0.13864,121.134,115.877,106.774,80.2465,114.474947,103.973012,10.501935,9.984921,1.034028,71.425291,129.652725,83.895275,7.027507,3578336.8
US,ALAB,2024-12-13,7.913434,123.482,118.766,108.9565,81.663333,117.192647,106.059455,11.133192,10.214575,1.837234,76.51639,132.75164,85.16136,7.256257,3781875.4
US,ALAB,2024-12-16,-1.256243,125.172,121.475,111.158,82.996167,119.236855,107.868384,11.368471,10.445354,1.846233,74.081341,134.356405,87.959595,7.276524,4149491.2
US,ALAB,2024-12-17,-1.946658,127.126,122.618,113.036,84.2835,120.575801,109.355171,11.22063,10.600409,1.240441,70.39008,135.263022,90.808978,7.283915,4356806.8
US,ALAB,2024-12-18,-4.275442,127.096,123.338,114.4005,85.471833,120.867216,110.32664,10.540576,10.588443,-0.095733,63.098474,135.391588,93.409412,7.720778,4851626.8
US,ALAB,2024-12-19,2.294439,127.662,124.398,115.7935,86.6915,121.546106,111.434296,10.11181,10.493116,-0.762613,65.098604,135.76521,95.82179,7.880009,5631144.0
US,ALAB,2024-12-20,5.499681,127.668,125.575,117.196,87.981833,123.180551,112.970274,10.210277,10.436548,-0.452543,69.468399,137.626003,96.765997,8.202865,6912784.0
US,ALAB,2024-12-23,2.572445,128.686,126.929,118.8605,89.349333,125.08662,114.644328,10.442292,10.437697,0.00919,71.373141,139.580687,98.140313,8.08766,6443648.0
US,ALAB,2024-12-24,4.447887,131.418,129.272,120.575,90.836167,127.62714,116.641044,10.986096,10.547377,0.877438,74.420991,142.807909,98.342091,8.121399,5963733.2
US,ALAB,2024-12-26,2.973164,136.086,131.591,122.5915,92.421667,130.424503,118.801708,11.622796,10.762461,1.72067,76.316861,146.252151,98.930849,7.970585,5542353.2
US,ALAB,2024-12-27,-2.935327,139.336,133.499,124.688,93.938167,132.133041,120.485285,11.647756,10.93952,1.416473,70.588808,147.232549,102.143451,7.864114,5019480.2
US,ALAB,2024-12-30,-3.610542,140.186,133.927,126.3465,95.399167,132.792573,121.665634,11.126939,10.977004,0.299871,64.376203,147.151899,105.541101,7.889535,3338449.6
US,ALAB,2024-12-31,-2.91013,139.562,134.124,127.7995,96.734333,132.73987,122.464476,10.275394,10.836682,-1.122576,59.960902,145.867985,109.731015,7.700282,3136905.6
US,ALAB,2025-01-02,1.645904,138.168,134.793,128.7055,98.102333,133.030659,123.365626,9.665033,10.602352,-1.874638,61.521544,146.227697,111.183303,7.892405,3229656.4
US,ALAB,2025-01-03,4.679492,137.192,136.639,129.9885,99.5685,134.245942,124.666691,9.579252,10.397732,-1.636961,65.684297,147.141581,112.835419,7.90509,2996315.6
US,ALAB,2025-01-06,1.92294,137.614,138.475,131.4365,100.942167,135.691182,126.072121,9.619061,10.241998,-1.245874,67.321988,148.05709,114.81591,7.84187,2953291.6
US,ALAB,2025-01-07,-6.989696,137.05,138.618,132.0965,102.067,135.369462,126.629742,8.73972,9.941542,-2.403644,56.553646,147.941906,116.251094,8.203165,3131503.4
US,ALAB,2025-01-08,-2.118263,136.714,138.138,132.5335,103.135,134.661852,126.936427,7.725425,9.498319,-3.545788,53.934866,147.712369,117.354631,8.088653,3369606.0
US,ALAB,2025-01-10,-0.81823,135.728,136.948,133.11,104.214,133.89849,127.141137,6.757354,8.950126,-4.385544,52.936758,146.872716,119.347284,7.994463,3213031.6
US,ALAB,2025-01-13,-1.935235,132.98,135.086,133.3385,105.292667,132.866415,127.144756,5.721659,8.304432,-5.165547,50.572488,146.537166,120.139834,7.99843,3422679.8
US,ALAB,2025-01-14,0.990644,129.942,133.778,133.6385,106.340333,132.186966,127.241441,4.945526,7.632651,-5.374251,51.737764,146.08488,121.19212,7.923542,3317277.2
US,ALAB,2025-01-15,2.584663,129.576,133.313,133.62,107.436667,132.122818,127.57689,4.545928,7.015306,-4.938757,54.763957,146.07633,121.16367,7.883289,3172636.0
US,ALAB,2025-01-16,-2.936936,129.002,132.858,133.491,108.453833,131.473153,127.600824,3.87233,6.386711,-5.028763,50.767863,146.126876,120.855124,8.203054,3273174.8
US,ALAB,2025-01-17,4.222048,129.722,132.725,133.759,109.555833,131.754207,128.022985,3.731222,5.855613,-4.248783,55.632731,146.137313,121.380687,8.181408,3438230.4
US,ALAB,2025-01-21,-6.669167,129.166,131.073,133.856,110.491167,130.624329,127.755356,2.868972,5.258285,-4.778625,47.339257,145.904961,121.807039,8.592021,3816410.8
US,ALAB,2025-01-22,-1.173539,128.066,129.004,133.7395,111.410333,129.443663,127.399404,2.044259,4.61548,-5.142442,46.12318,146.157301,121.321699,8.619734,4079830.4
US,ALAB,2025-01-23,0.634404,126.458,128.017,133.3175,112.300833,128.564638,127.127596,1.437041,3.979792,-5.085501,46.907867,146.471769,120.163231,8.848325,4654514.2
US,ALAB,2025-01-24,-6.611169,123.988,126.495,132.3165,113.0155,126.562386,126.269997,0.292389,3.242311,-5.899845,40.28192,147.52008,117.11292,9.211301,4910292.8
US,ALAB,2025-01-27,-28.031155,113.96,121.841,129.3945,113.187,119.885096,123.076664,-3.191568,1.955536,-10.294207,25.139372,155.14391,103.64509,11.12478,7614355.2
US,ALAB,2025-01-28,7.780183,107.004,118.085,126.5855,113.446333,115.230466,120.599133,-5.368667,0.490695,-11.718725,30.74015,156.482316,96.688684,10.865153,8278051.2
US,ALAB,2025-01-29,0.892558,100.5,114.283,124.0305,113.7285,111.415009,118.364382,-6.949373,-0.997319,-11.904109,31.42334,156.962003,91.098997,10.497642,8439137.0
US,ALAB,2025-01-30,7.12153,95.128,110.793,122.053,114.173667,109.177316,116.772206,-7.59489,-2.316833,-10.556115,36.825672,156.486711,87.619289,10.311382,8328613.2
US,ALAB,2025-01-31,4.697017,92.302,108.145,120.5015,114.653167,107.983882,115.635005,-7.651123,-3.383691,-8.534864,40.398191,155.70912,85.29388,10.24914,8524335.8
US,ALAB,2025-02-03,-3.253796,95.294,104.627,118.676,115.127667,106.466362,114.337598,-7.871236,-4.2812,-7.180071,38.689309,154.543954,82.808046,10.544202,6214760.4
US,ALAB,2025-02-04,3.679168,97.714,102.359,116.716,115.224667,105.737691,113.403702,-7.666011,-4.958162,-5.415697,41.599649,151.78064,81.65136,10.209616,5093804.8
US,ALAB,2025-02-05,4.757692,100.942,100.721,114.8625,115.364667,105.865739,112.897501,-7.031763,-5.372882,-3.317761,45.345546,147.898768,81.826232,9.938215,4797563.8
US,ALAB,2025-02-06,-1.933002,102.47,98.799,113.408,115.531667,105.657163,112.276205,-6.619042,-5.622114,-1.993855,44.050463,145.566184,81.249816,9.954771,4673132.4
US,ALAB,2025-02-07,-3.081045,102.444,97.373,111.934,115.564833,104.985292,111.462412,-6.47712,-5.793115,-1.368009,42.029802,143.47032,80.39768,9.90943,4376409.8
US,ALAB,2025-02-10,1.974529,103.478,99.386,110.6135,115.748833,104.724478,110.857048,-6.13257,-5.861006,-0.543128,43.755566,141.262843,79.964157,9.503756,5500661.6
US,ALAB,2025-02-11,-10.891664,101.54,99.627,108.856,115.770333,102.77302,109.463193,-6.690173,-6.02684,-1.326667,37.070415,139.532797,78.179203,9.834202,7645622.6
US,ALAB,2025-02-12,-4.932638,97.726,99.334,106.8085,115.740333,100.423324,107.83629,-7.412965,-6.304065,-2.217801,34.762216,137.447163,76.169837,9.523902,8483258.2
US,ALAB,2025-02-13,0.788571,94.462,98.466,104.6295,115.735333,98.541275,106.381009,-7.839734,-6.611199,-2.457071,35.420357,134.031029,75.227971,9.180052,8719969.8
US,ALAB,2025-02-14,-0.385531,91.774,97.109,102.627,115.758667,96.896463,105.008342,-8.111879,-6.911335,-2.401088,35.231746,130.84786,74.40614,8.852905,8966093.0
US,ALAB,2025-02-18,6.169607,89.77,96.624,100.6255,115.806833,96.338546,104.138835,-7.800289,-7.089126,-1.422327,40.656662,125.318354,75.932646,8.711984,8024297.0
US,ALAB,2025-02-19,-3.613166,89.342,95.441,98.9,115.718833,95.348,103.084106,-7.736106,-7.218522,-1.035169,38.497531,121.432076,76.367924,8.519699,6145267.8
US,ALAB,2025-02-20,-1.63515,89.528,93.627,97.174,115.569,94.283692,101.998617,-7.714924,-7.317802,-0.794245,37.560506,117.224482,77.123518,8.298292,5409212.2
US,ALAB,2025-02-21,-3.064571,89.034,91.748,95.2735,115.262333,92.966201,100.792793,-7.826592,-7.41956,-0.814064,35.829132,111.789214,78.757786,8.106985,4974732.0
US,ALAB,2025-02-24,-1.271582,88.39,90.082,93.7275,114.968167,91.683709,99.595549,-7.911841,-7.518016,-0.787649,35.127755,107.997674,79.457326,8.016486,4975468.8
US,ALAB,2025-02-25,-8.141321,85.284,87.527,93.4565,114.475333,89.538523,97.97662,-8.438097,-7.702032,-1.472129,30.997142,108.692304,78.220696,8.146023,5227692.2
US,ALAB,2025-02-26,6.766144,83.904,86.623,93.125,114.100667,88.532596,96.867241,-8.334644,-7.828555,-1.012179,37.079953,108.95628,77.29372,7.986307,5093858.6
US,ALAB,2025-02-27,-8.73494,81.368,85.448,92.391,113.703167,86.566043,95.303001,-8.736958,-8.010235,-1.453444,32.789449,109.923824,74.858176,8.093,5141373.8
US,ALAB,2025-02-28,-1.848185,79.094,84.064,91.265,113.2215,84.686652,93.750926,-9.064275,-8.221043,-1.686463,32.018987,110.328359,72.201641,7.911357,6486293.8
US,ALAB,2025-03-03,-8.971083,75.704,82.047,89.578,112.626333,82.070244,91.819747,-9.749503,-8.526735,-2.445536,28.574118,110.61733,68.53867,7.903403,6851817.8
US,ALAB,2025-03-04,2.881206,74.082,79.683,88.1535,111.845,80.15636,90.176062,-10.019702,-8.825328,-2.388746,30.914285,110.503623,65.803377,7.980302,6769570.4
US,ALAB,2025-03-05,-1.522332,71.196,77.55,86.4955,111.066667,78.373843,88.575613,-10.20177,-9.100617,-2.202306,30.332509,109.481813,63.509187,7.690281,7033484.0
US,ALAB,2025-03-06,-7.408488,68.744,75.056,84.3415,110.2135,76.084021,86.717419,-10.633398,-9.407173,-2.45245,27.647225,107.472977,61.210023,7.653118,7340084.0
US,ALAB,2025-03-07,5.402426,67.258,73.176,82.462,109.322167,74.674172,85.250944,-10.576772,-9.641093,-1.871358,32.023038,104.829011,60.094989,7.532895,6366232.6
US,ALAB,2025-03-10,-7.800359,66.062,70.883,80.4825,108.316667,72.678145,83.506429,-10.828284,-9.878531,-1.899506,29.135141,102.841456,58.123544,7.456974,5765275.6
US,ALAB,2025-03-11,7.050243,65.346,69.714,78.6205,107.448,71.658431,82.213361,-10.55493,-10.013811,-1.082238,34.440992,99.203934,58.037066,7.480047,5497404.2
US,ALAB,2025-03-12,4.193793,65.396,68.296,77.4595,106.551333,71.221749,81.22126,-9.999511,-10.010951,0.02288,37.642735,97.496451,57.422549,7.331473,5373132.6
US,ALAB,2025-03-13,-5.085731,65.762,67.253,76.3505,105.599167,70.313788,80.043389,-9.729601,-9.954681,0.45016,35.297071,96.496742,56.204258,7.141367,4721052.6
US,ALAB,2025-03-14,10.502143,66.814,67.036,75.55,104.599833,70.600897,79.460915,-8.860018,-9.735748,1.75146,42.818201,95.011545,56.088455,7.139127,4297207.6
US,ALAB,2025-03-17,-0.180105,68.884,67.473,74.76,103.626,70.823836,78.911959,-8.088123,-9.406223,2.636201,42.716865,93.426744,56.093256,6.921332,4021140.6
US,ALAB,2025-03-18,-4.385843,69.452,67.399,73.541,102.641833,70.526323,78.169591,-7.643269,-9.053632,2.820727,40.224817,90.300202,56.781798,6.751951,3457914.0
US,ALAB,2025-03-19,0.0,69.466,67.431,72.4905,101.748833,70.274581,77.482214,-7.207633,-8.684432,2.953598,40.224817,87.565632,57.415368,6.490383,3137109.0
US,ALAB,2025-03-20,0.116127,70.196,67.979,71.5175,100.810333,70.073876,76.85168,-6.777804,-8.303107,3.050606,40.32703,84.75147,58.28353,6.250356,3126909.0
US,ALAB,2025-03-21,3.088299,69.98,68.397,70.7865,99.7925,70.231741,76.42563,-6.193888,-7.881263,3.37475,43.116041,82.305752,59.267248,6.210331,3117845.4
US,ALAB,2025-03-24,3.769339,70.326,69.605,70.244,98.762667,70.777627,76.229657,-5.45203,-7.395416,3.886773,46.503968,79.989751,60.498249,6.031021,2873672.0
US,ALAB,2025-03-25,-2.155056,70.986,70.219,69.9665,97.605833,70.994915,75.930423,-4.935508,-6.903435,3.935854,44.799214,79.142066,60.790934,5.788091,2637912.4
US,ALAB,2025-03-26,-7.258623,70.598,70.032,69.164,96.2915,70.372621,75.265207,-4.892586,-6.501265,3.217358,39.641676,76.19681,62.13119,5.808942,2611109.0
US,ALAB,2025-03-27,-6.213592,69.362,69.779,68.516,94.979167,69.206064,74.341117,-5.135054,-6.228023,2.185938,36.089461,75.388503,61.643497,5.734732,2770949.0
US,ALAB,2025-03-28,-3.201147,67.298,68.639,67.8375,93.7185,67.909746,73.33659,-5.426844,-6.067787,1.281886,34.481694,74.947484,60.727516,5.606536,2667629.0
US,ALAB,2025-03-31,-1.826259,64.476,67.401,67.437,92.5055,66.642093,72.32425,-5.682157,-5.990661,0.617008,33.591701,75.389793,59.484207,5.461784,2934822.4
US,ALAB,2025-04-01,3.921569,62.44,66.713,67.056,91.295167,65.929463,71.560231,-5.630768,-5.918682,0.575828,37.26763,75.277612,58.834388,5.378085,3298520.0
US,ALAB,2025-04-02,3.338171,61.866,66.232,66.8315,90.014333,65.64493,71.00614,-5.36121,-5.807188,0.891956,40.41,75.120419,58.542581,5.438222,3601900.0
US,ALAB,2025-04-03,-13.108614,60.444,64.903,66.441,88.548333,64.111864,69.870871,-5.759006,-5.797552,0.07709,33.152658,75.966454,56.915546,5.670492,4270280.0
US,ALAB,2025-04-04,-4.920977,58.876,63.087,65.742,87.204,62.393116,68.616732,-6.223616,-5.882764,-0.681703,31.185252,76.930806,54.553194,5.876171,4794980.0
US,ALAB,2025-04-07,4.193427,57.974,61.225,65.415,85.943833,61.280329,67.619937,-6.339608,-5.974133,-0.73095,34.573064,77.41041,53.41959,6.249302,5062540.0
US,ALAB,2025-04-08,-2.628716,56.314,59.377,64.798,84.677333,60.115663,66.589571,-6.473909,-6.074088,-0.79964,33.415911,77.824429,51.771571,6.441494,5299887.8
US,ALAB,2025-04-09,19.772854,56.364,59.115,64.5735,83.629667,60.764022,66.422196,-5.658173,-5.990905,0.665464,47.322465,77.469033,51.677967,6.894245,5798414.2
US,ALAB,2025-04-10,-8.503031,57.0,58.722,64.2505,82.469833,60.471096,65.862033,-5.390937,-5.870912,0.959949,42.409337,77.376612,51.124388,6.946799,5305634.2
US,ALAB,2025-04-11,2.157662,58.438,58.657,63.648,81.275833,60.41862,65.437438,-5.018818,-5.700493,1.363349,43.866519,76.362681,50.933319,6.678456,5059240.4
US,ALAB,2025-04-14,-1.197406,59.288,58.631,63.016,80.134333,60.263447,64.990961,-4.727514,-5.505897,1.556767,43.199174,75.244606,50.787394,6.674995,4785640.4
US,ALAB,2025-04-15,1.127756,60.562,58.438,62.5755,78.914,60.235225,64.627186,-4.391962,-5.28311,1.782297,44.052133,74.558233,50.592767,6.344638,4318598.8
US,ALAB,2025-04-16,-2.147137,59.454,57.909,62.0705,77.820333,60.012882,64.194802,-4.18192,-5.062872,1.761905,42.721912,73.794715,50.346285,6.16145,3468272.4
US,ALAB,2025-04-17,0.289165,59.474,58.237,61.57,76.753833,59.850901,63.807039,-3.956138,-4.841525,1.770774,42.96633,72.922076,50.217924,5.90706,3057497.4
US,ALAB,2025-04-21,-7.700136,58.332,58.385,60.736,75.598667,59.015377,63.111703,-4.096325,-4.692485,1.19232,38.269665,71.605578,49.866422,5.941556,2786720.2
US,ALAB,2025-04-22,1.635428,57.512,58.4,59.8125,74.594667,58.445319,62.533799,-4.08848,-4.571684,0.966409,39.662085,69.118167,50.506833,5.696445,2539841.4
US,ALAB,2025-04-23,8.750678,57.526,59.044,59.2105,74.211167,58.707578,62.357221,-3.649643,-4.387276,1.475265,46.702793,66.594814,51.826186,5.837413,2966663.8
US,ALAB,2025-04-24,7.315046,58.678,59.066,59.0905,73.793167,59.606412,62.519649,-2.913237,-4.092468,2.358462,52.167209,66.032588,52.148412,5.765455,3016147.6
US,ALAB,2025-04-25,2.416731,60.108,59.791,59.2565,73.387833,60.606964,62.785601,-2.178637,-3.709702,3.06213,53.969167,66.686155,51.826845,5.635065,3224282.6
US,ALAB,2025-04-28,-0.045379,62.44,60.386,59.5215,72.874667,61.44897,63.029631,-1.580661,-3.283894,3.406465,53.927094,67.506905,51.536095,5.453275,2962979.6
US,ALAB,2025-04-29,-0.650726,64.508,61.01,59.8205,72.2785,62.095282,63.223732,-1.12845,-2.852805,3.44871,53.285876,68.241686,51.399314,5.200898,2767178.4
US,ALAB,2025-04-30,-0.517898,65.54,61.533,59.9855,71.731667,62.589854,63.37827,-0.788417,-2.439927,3.303022,52.751766,68.696161,51.274839,5.067977,2226569.8
US,ALAB,2025-05-01,5.986832,66.474,62.576,60.2425,71.189833,63.609876,63.810991,-0.201115,-1.992165,3.5821,57.969327,69.693089,50.791911,5.076693,2388046.0
US,ALAB,2025-05-02,2.961572,67.506,63.807,61.022,70.6015,64.788357,64.36351,0.424847,-1.508763,3.867218,60.436173,71.368063,50.675937,4.988358,2431426.0
US,ALAB,2025-05-05,1.234741,68.72,65.58,61.9825,70.062167,65.920917,64.940287,0.98063,-1.010884,3.983028,61.48128,72.7088,51.2562,4.833475,2669860.8
US,ALAB,2025-05-06,-1.094941,69.862,67.185,62.7925,69.563333,66.757699,65.415822,1.341878,-0.540332,3.764419,59.950253,73.779188,51.805812,4.753227,3192070.0
US,ALAB,2025-05-07,-0.378363,71.018,68.279,63.6615,69.026667,67.424207,65.836131,1.588076,-0.11465,3.405452,59.405763,74.383347,52.939653,4.982282,4593391.0
US,ALAB,2025-05-08,0.773667,71.502,68.988,64.027,68.686667,68.072791,66.266047,1.806743,0.269629,3.07423,60.198774,75.299336,52.754664,4.91069,4767611.0
US,ALAB,2025-05-09,-0.614182,71.488,69.497,64.644,68.415,68.5539,66.631525,1.922374,0.600178,2.644393,59.202386,76.06738,53.22062,4.859927,4666831.0
US,ALAB,2025-05-12,12.752809,73.114,70.917,65.6515,68.283167,70.357915,67.642523,2.715392,1.023221,3.384342,70.173688,78.737945,52.565055,5.232075,5322890.2
US,ALAB,2025-05-13,9.317389,76.394,73.128,67.069,68.281667,73.035159,69.132707,3.902452,1.599067,4.606771,75.918837,82.980748,51.157252,5.425498,5830402.6
US,ALAB,2025-05-14,3.304467,80.308,75.663,68.598,68.238167,75.746673,70.727321,5.019352,2.283124,5.472456,77.711367,87.182138,50.013862,5.422963,5302021.6
US,ALAB,2025-05-15,1.687624,84.418,77.96,70.268,68.276333,78.276416,72.317149,5.959266,3.018352,5.881828,78.615767,90.914833,49.621167,5.409894,5242821.6
US,ALAB,2025-05-16,-1.768088,88.29,79.889,71.848,68.311833,80.166198,73.668472,6.497726,3.714227,5.566998,75.118683,93.598517,50.097483,5.27633,5475522.6
US,ALAB,2025-05-19,-0.298145,90.292,81.703,73.6415,68.388,81.723706,74.899696,6.82401,4.336184,4.975653,74.527295,95.263083,52.019917,5.164449,4919302.6
US,ALAB,2025-05-20,4.618452,91.632,84.013,75.599,68.551833,83.683136,76.348607,7.334528,4.935853,4.797352,77.476575,97.316247,53.881753,5.20056,4465508.6
US,ALAB,2025-05-21,-2.424307,91.934,86.121,77.2,68.792333,84.988807,77.520562,7.468245,5.442331,4.051828,72.511435,98.846508,55.553492,5.22052,4323488.6
US,ALAB,2025-05-22,2.310947,92.356,88.387,78.6875,68.980667,86.421298,78.763484,7.657815,5.885428,3.544774,74.169576,100.737402,56.637598,5.316197,4390397.8
US,ALAB,2025-05-23,0.339343,93.168,90.729,80.113,69.295167,87.682637,79.93804,7.744597,6.257262,2.97467,74.419229,102.410987,57.815013,5.261469,4263936.8
US,ALAB,2025-05-27,3.086028,94.618,92.455,81.686,69.681667,89.199154,81.241889,7.957265,6.597262,2.720006,76.638101,104.239446,59.132554,5.219221,4263916.8
US,ALAB,2025-05-28,-1.107238,95.018,93.325,83.2265,70.161333,90.316208,82.369157,7.947051,6.86722,2.159662,74.078705,105.393794,61.059206,5.048562,4063909.2
US,ALAB,2025-05-29,0.155505,95.906,93.92,84.7915,70.611,91.284483,83.424034,7.860449,7.065866,1.589167,74.207541,106.080357,63.502643,4.970808,3732177.2
US,ALAB,2025-05-30,-6.096677,95.19,93.773,85.8665,70.980167,91.19764,83.964476,7.233164,7.099326,0.267677,61.319464,106.043914,65.689086,5.281464,5011728.0
US,ALAB,2025-06-02,2.425044,94.85,94.009,86.949,71.470667,91.462618,84.627848,6.83477,7.046414,-0.423288,63.845255,106.178655,67.719345,5.15636,4945773.2
US,ALAB,2025-06-03,2.335342,94.36,94.489,88.096,71.940167,92.020677,85.402822,6.617855,6.960702,-0.685696,66.190385,106.370854,69.821146,5.079477,4940353.4
US,ALAB,2025-06-04,0.136713,94.112,94.565,89.289,72.498833,92.512881,86.130021,6.38286,6.845134,-0.924548,66.33128,106.094024,72.483976,4.946657,4973262.8
US,ALAB,2025-06-05,-4.7364,92.932,94.419,90.27,72.909833,92.235514,86.469278,5.766236,6.629354,-1.726237,57.395152,104.85501,75.68499,5.093325,5052594.8
US,ALAB,2025-06-06,0.044097,92.938,94.064,91.2255,73.275333,92.006974,86.786369,5.220605,6.347604,-2.253999,57.449904,103.04503,79.40597,4.954516,3395194.8
US,ALAB,2025-06-09,1.763085,92.824,93.837,92.283,73.725833,92.059747,87.19849,4.861257,6.050335,-2.378156,59.681861,99.71784,84.84816,4.83705,3345889.6
US,ALAB,2025-06-10,-0.963725,92.098,93.229,92.842,74.047167,91.967478,87.514157,4.453321,5.730932,-2.555222,57.863644,97.876678,87.807322,4.877975,3131449.4
US,ALAB,2025-06-11,3.367592,91.962,93.037,93.181,74.422,92.363251,88.03459,4.328661,5.450478,-2.243634,62.159997,97.686507,88.675493,4.971691,3338960.0
US,ALAB,2025-06-12,-0.211551,92.688,92.81,93.365,74.846167,92.667366,88.501657,4.165709,5.193524,-2.055631,61.719916,97.742412,88.987588,4.954428,3081726.8
US,ALAB,2025-06-13,-4.88658,92.484,92.711,93.242,75.1935,92.215464,88.592646,3.622818,4.879383,-2.51313,52.494414,97.87533,88.60867,4.961254,3211207.4
US,ALAB,2025-06-16,6.207511,93.074,92.949,93.479,75.632333,92.690008,89.089487,3.600521,4.62361,-2.046179,60.229493,98.023394,88.934606,5.204736,3317194.8
US,ALAB,2025-06-17,-2.50787,93.364,92.731,93.61,75.995833,92.723853,89.372488,3.351365,4.369161,-2.035593,56.014942,97.924357,89.295643,5.132969,3390743.8
US,ALAB,2025-06-18,7.125175,94.362,93.162,93.8635,76.425,93.770952,90.124896,3.646056,4.22454,-1.156968,63.610548,98.885592,88.841408,5.277757,3378932.2
US,ALAB,2025-06-20,-6.480458,94.11,93.399,93.909,76.773167,93.664652,90.343793,3.320859,4.043804,-1.44589,53.852755,98.885175,88.932825,5.616489,4424385.4
US,ALAB,2025-06-23,-7.660077,93.354,92.919,93.4915,77.089833,92.477782,90.018327,2.459456,3.726934,-2.534957,45.537005,99.549854,87.433146,5.781025,5156845.6
US,ALAB,2025-06-24,1.524142,91.746,92.41,93.1235,77.497667,91.675047,89.814006,1.861041,3.353756,-2.98543,47.151702,99.732098,86.514902,5.632381,6027479.0
US,ALAB,2025-06-25,2.716021,91.09,92.227,92.728,77.9785,91.360424,89.800376,1.560048,2.995014,-2.869932,50.037684,99.176853,86.279147,5.597925,6609570.8
US,ALAB,2025-06-26,9.293763,90.776,92.569,92.803,78.616667,92.375743,90.404793,1.970951,2.790202,-1.638501,58.595968,99.455398,86.150602,5.921645,7210964.0
US,ALAB,2025-06-27,-7.084524,90.364,92.237,92.5235,79.100167,92.167168,90.450363,1.716804,2.575522,-1.717436,50.790082,98.979435,86.067565,6.06867,7607244.0
US,ALAB,2025-06-30,-0.659196,91.258,92.306,92.5085,79.539167,91.898373,90.448114,1.450258,2.350469,-1.800422,50.167845,98.982495,86.034505,5.940908,6971152.4
US,ALAB,2025-07-01,-1.946472,91.538,91.642,92.2955,80.088833,91.400161,90.315661,1.0845,2.097275,-2.025551,48.298633,98.978273,85.612727,5.8887,6333401.4
US,ALAB,2025-07-02,-0.101511,91.326,91.208,91.9695,80.682667,90.964752,90.186353,0.778399,1.8335,-2.110203,48.199734,98.711041,85.227959,5.863793,5936780.6
US,ALAB,2025-07-03,2.517783,89.894,90.335,91.7485,81.276667,90.939405,90.231808,0.707597,1.608319,-1.801445,50.883425,98.337385,85.159615,5.773522,4916899.6
US,ALAB,2025-07-07,-1.299559,89.614,89.989,91.694,81.875167,90.73642,90.186489,0.549931,1.396642,-1.693422,49.424266,98.334176,85.053824,5.51327,3445999.6
US,ALAB,2025-07-08,2.990404,89.99,90.624,91.7715,82.341333,90.976971,90.343046,0.633925,1.244098,-1.220347,52.739127,98.40197,85.14103,5.393037,3367874.2
US,ALAB,2025-07-09,8.190683,92.23,91.884,92.147,83.024667,92.343591,91.048005,1.295585,1.254396,0.082379,60.586734,99.658123,84.635877,5.57282,3626924.4
US,ALAB,2025-07-10,-2.843982,93.92,92.623,92.425,83.6395,93.063038,91.490375,1.572663,1.318049,0.509228,56.772933,100.220041,84.629959,5.939047,4158683.6
US,ALAB,2025-07-11,-1.154401,94.94,92.417,92.493,84.247667,93.499494,91.817014,1.68248,1.390935,0.583089,55.294682,100.383795,84.602205,5.824829,4247663.0
US,ALAB,2025-07-14,-5.818561,95.08,92.347,92.292,84.751667,93.010341,91.706124,1.304217,1.373592,-0.13875,48.516718,100.189161,84.394839,5.959484,4809763.0
US,ALAB,2025-07-15,2.258636,95.092,92.541,92.4235,85.311167,92.910289,91.754559,1.155729,1.330019,-0.34858,50.886964,100.232734,84.614266,5.806664,4708779.2
US,ALAB,2025-07-16,-0.454742,93.508,92.869,92.2555,85.860833,92.761013,91.768296,0.992718,1.262559,-0.539682,50.37277,99.953756,84.557244,5.70976,4312539.2
US,ALAB,2025-07-17,6.536872,93.694,93.807,92.5075,86.586333,93.559319,92.2262,1.333119,1.276671,0.112897,57.059278,100.595078,84.419922,5.890491,4091163.6
US,ALAB,2025-07-18,4.267483,94.94,94.94,92.6375,87.366667,94.877885,92.959815,1.918071,1.404951,1.02624,60.995508,101.239634,84.035366,5.984027,4628271.0
US,ALAB,2025-07-21,19.34789,101.254,98.167,94.078,88.395667,99.033595,95.102791,3.930804,1.910121,4.041365,73.406022,109.466279,78.689721,7.13374,6345740.6
US,ALAB,2025-07-22,-4.085651,106.164,100.628,95.626,89.268333,101.783811,96.71814,5.065671,2.541231,5.04888,67.570752,113.465874,77.786126,7.642044,7266020.6
US,ALAB,2025-07-23,2.198272,111.672,102.59,97.237,90.157833,104.506302,98.404204,6.102098,3.253405,5.697387,68.942832,117.428198,77.045802,7.770469,7795400.6
US,ALAB,2025-07-24,1.841312,116.418,105.056,98.8395,91.0845,107.148409,100.128337,7.020072,4.006738,6.026668,70.108732,121.319073,76.359927,7.556864,7397063.6
US,ALAB,2025-07-25,0.452005,120.438,107.689,100.053,92.0275,109.468654,101.765497,7.703157,4.746022,5.91427,70.407821,124.725034,75.380966,7.267088,6812862.2
US,ALAB,2025-07-28,1.488996,120.87,111.062,101.7045,93.0065,111.711938,103.416201,8.295737,5.455965,5.679544,71.426673,128.09866,75.31034,7.300868,4922679.4
US,ALAB,2025-07-29,-4.546554,121.17,113.667,103.104,93.826333,112.742409,104.526853,8.215556,6.007883,4.415346,64.065446,129.921234,76.286766,7.442949,4760079.4
US,ALAB,2025-07-30,8.833713,123.048,117.36,105.1145,94.786333,115.223577,106.330049,8.893528,6.585012,4.617032,70.199535,133.293341,76.935659,7.794881,5093419.4
US,ALAB,2025-07-31,6.09917,126.058,121.238,107.5225,95.862667,118.532257,108.581897,9.95036,7.258082,5.384557,73.816477,137.788275,77.256725,8.258104,6098013.6
US,ALAB,2025-08-01,-4.117604,127.832,124.135,109.5375,96.858333,120.465756,110.249905,10.215852,7.849636,4.732431,67.497102,140.441019,78.633981,8.576096,6956407.6
US,ALAB,2025-08-04,5.209764,130.608,125.739,111.953,97.972333,123.152563,112.300282,10.852281,8.450165,4.804232,70.766709,143.789683,80.116317,8.774947,7212260.8
US,ALAB,2025-08-05,-1.732763,134.034,127.602,114.115,99.037333,125.058323,114.021743,11.03658,8.967448,4.138264,68.182038,146.19145,82.03855,8.721022,7225604.4
US,ALAB,2025-08-06,28.663125,143.138,133.093,117.8415,100.757167,132.647811,118.493465,14.154346,10.004827,8.299037,80.591379,158.57632,77.10668,11.532377,9078006.0
US,ALAB,2025-08-07,-2.006996,149.97,138.014,121.535,102.267333,138.531225,122.37469,16.156535,11.235169,9.842732,77.653075,167.151658,75.918342,11.44935,9163190.8
US,ALAB,2025-08-08,4.909591,159.606,143.719,125.704,103.792667,144.800267,126.589898,18.210369,12.630209,11.16032,79.575455,176.170064,75.237936,11.43154,9188190.8
US,ALAB,2025-08-11,0.083668,167.906,149.257,130.1595,105.272167,150.127918,130.50398,19.623939,14.028955,11.189967,79.609228,183.020722,77.298278,11.340001,8955196.0
US,ALAB,2025-08-12,7.005517,179.198,156.616,135.1415,106.935667,156.569777,135.059241,21.510536,15.525271,11.970531,82.256957,191.480799,78.802201,11.554287,8981492.8
US,ALAB,2025-08-13,0.854167,183.048,163.093,140.2265,108.653667,162.272888,139.398556,22.874332,16.995083,11.758498,82.57487,198.379992,82.073008,11.689695,6501551.2
US,ALAB,2025-08-14,-1.523446,187.008,168.489,144.8635,110.327,166.644752,143.197922,23.446829,18.285433,10.322793,79.804911,203.580397,86.146603,11.428288,5652185.6
US,ALAB,2025-08-15,-2.538151,188.322,173.964,149.0495,111.850167,169.599405,146.357336,23.24207,19.27676,7.930619,75.33955,206.914273,91.184727,11.304125,5067808.2
US,ALAB,2025-08-18,0.31208,189.722,178.814,152.2765,113.421167,172.188728,149.325681,22.863046,19.994017,5.738058,75.516345,210.916166,93.636834,11.295259,5055003.0
US,ALAB,2025-08-19,-8.244381,185.534,182.366,154.984,114.7005,172.015077,150.935631,21.079447,20.211103,1.736687,62.690112,211.8144,98.1536,11.662026,4712722.6
US,ALAB,2025-08-20,0.81258,181.296,182.172,157.6325,115.997667,172.081988,152.529288,19.552701,20.079423,-1.053444,63.297243,212.500902,102.764098,11.644024,4926251.4
US,ALAB,2025-08-21,2.945781,178.664,182.836,160.425,117.330833,172.920144,154.381192,18.538952,19.771328,-2.464753,65.506419,213.340168,107.509832,11.428022,4972615.8
US,ALAB,2025-08-22,0.878725,177.312,182.817,163.268,118.708,173.869353,156.211474,17.657878,19.348638,-3.38152,66.179637,213.721833,112.814167,11.440306,4945238.4
US,ALAB,2025-08-25,-2.75839,174.856,182.289,165.773,120.000333,173.912529,157.540254,16.372275,18.753366,-4.762181,62.049695,213.065308,118.480692,11.12957,4720340.0
US,ALAB,2025-08-26,2.5323,176.356,180.945,168.7805,121.464333,174.627525,159.097272,15.530252,18.108743,-5.156981,64.197661,211.023048,126.537952,10.817458,4219940.0
US,ALAB,2025-08-27,0.358423,177.706,179.501,171.297,122.902333,175.330982,160.586363,14.744619,17.435918,-5.382598,64.511585,209.536318,133.057682,10.649068,3548099.0
US,ALAB,2025-08-28,5.552455,180.03,179.347,173.918,124.47,177.456985,162.702188,14.754797,16.899694,-4.289794,69.054536,209.40796,138.42804,10.751992,3544454.6
US,ALAB,2025-08-29,-3.674333,180.652,178.982,176.473,125.919667,178.18668,164.14647,14.040209,16.327797,-4.575176,62.989084,206.145668,146.800332,10.75185,3493229.4
US,ALAB,2025-09-02,-4.368825,180.67,177.763,178.2885,127.311833,177.579498,164.894139,12.685359,15.599309,-5.827901,56.831977,202.187617,154.389383,11.03386,3951567.8
US,ALAB,2025-09-03,1.360193,180.28,178.318,180.342,128.742833,177.430345,165.761981,11.668364,14.81312,-6.289513,58.143847,194.10343,166.58057,10.780727,4025267.8
US,ALAB,2025-09-04,6.420927,182.03,179.868,181.02,130.336167,179.048753,167.405538,11.643215,14.179139,-5.071848,63.810882,194.877463,167.162537,10.977818,4940802.8
US,ALAB,2025-09-05,1.729183,182.44,181.235,182.0355,131.9985,180.918176,169.168091,11.750085,13.693328,-3.886487,65.262493,195.750726,168.320274,11.148689,5294892.0
US,ALAB,2025-09-08,13.023013,189.22,184.936,183.8765,134.0245,186.330764,172.644528,13.686236,13.69191,-0.011348,73.900373,204.003839,163.749161,12.458782,6504372.0
US,ALAB,2025-09-09,-0.745025,197.27,188.97,185.6295,136.027,190.662954,175.744193,14.918761,13.93728,1.962962,72.642575,209.635765,161.623235,12.257441,6263852.0
US,ALAB,2025-09-10,7.403609,208.022,194.151,187.548,138.371,196.771731,179.790549,16.981182,14.54606,4.870242,76.831247,218.431717,156.664283,12.552623,6859236.8
US,ALAB,2025-09-11,1.098233,217.012,199.521,189.511,140.664333,202.329926,183.724582,18.605343,15.357917,6.494853,77.424304,226.148806,152.873194,12.321007,6245399.4
US,ALAB,2025-09-12,-1.459854,224.672,203.556,191.4515,142.940833,206.509937,187.115354,19.394583,16.16525,6.458666,74.65853,232.03244,150.87056,12.067364,5684610.2
US,ALAB,2025-09-15,0.779956,227.71,208.465,193.7235,145.136833,210.322255,190.38755,19.934705,16.919141,6.031127,75.161592,237.73839,149.70861,11.896838,4375890.2
US,ALAB,2025-09-16,3.242682,232.57,214.92,196.3415,147.565333,214.701908,193.972917,20.728991,17.681111,6.09576,77.203566,244.356641,148.326359,11.76135,4316090.4
US,ALAB,2025-09-17,4.434859,236.372,222.197,200.2575,150.289167,220.036999,198.077145,21.959854,18.53686,6.845988,79.736688,252.015583,148.499417,12.081253,4260228.6
US,ALAB,2025-09-18,1.002486,240.168,228.59,204.229,153.032833,224.935922,202.062542,22.87338,19.404164,6.938433,80.293399,258.947671,149.510329,12.564735,4686604.4
US,ALAB,2025-09-19,-2.652057,243.308,233.99,207.6125,155.625667,228.053473,205.257909,22.795563,20.082444,5.42624,74.41071,263.661567,151.563433,13.145825,8434532.6
US,ALAB,2025-09-22,-3.22186,244.51,236.11,210.523,157.948,229.476015,207.631397,21.844618,20.434879,2.819479,68.059988,266.390494,154.655506,13.149695,9055794.8
US,ALAB,2025-09-23,-3.02992,242.774,237.672,213.321,160.266167,229.573551,209.296479,20.277072,20.403317,-0.25249,62.806153,267.191147,159.450853,13.499717,9410374.6
US,ALAB,2025-09-24,-10.794837,233.952,235.162,214.6565,162.180333,225.834543,208.998221,16.836322,19.689918,-5.707192,48.79266,266.291341,163.021659,14.994737,10894419.8
US,ALAB,2025-09-25,-2.255566,223.704,231.936,215.7285,164.046667,221.95846,208.379094,13.579366,18.467808,-9.776884,46.701031,265.220114,166.236886,14.895827,10903207.2
US,ALAB,2025-09-26,-1.425439,214.22,228.764,216.16,165.866833,218.238697,207.593976,10.644721,16.903191,-12.516939,45.406194,264.861349,167.458651,14.456125,7079046.8
US,ALAB,2025-09-29,0.515725,206.52,225.515,216.99,167.666833,215.248128,206.94257,8.305558,15.183664,-13.756212,45.981436,263.880121,170.099879,14.263545,6625388.2
US,ALAB,2025-09-30,-1.509054,199.658,221.216,218.068,169.4365,212.256108,206.117195,6.138914,13.374714,-14.4716,44.496397,261.866697,174.269303,14.396149,6496389.2
US,ALAB,2025-10-01,-0.663943,197.504,215.728,218.9625,171.139833,209.524399,205.256662,4.267738,11.553319,-14.571162,43.835719,259.980329,177.944671,14.064995,4806501.0
US,ALAB,2025-10-02,7.763496,199.296,211.5,220.045,172.968833,209.53603,205.57839,3.95764,10.034183,-12.153086,52.633187,258.812916,181.277084,14.28821,4881779.8
US,ALAB,2025-10-03,-4.227099,199.888,207.054,220.522,174.6975,208.182795,205.219991,2.962804,8.619907,-11.314207,47.892846,258.074243,182.969757,14.411195,5255832.0
US,ALAB,2025-10-06,9.998007,204.29,205.405,220.7575,176.779333,210.125442,206.374807,3.750635,7.646053,-7.790835,57.279035,258.254899,183.260101,15.614681,6182589.6
US,ALAB,2025-10-07,-3.944568,207.55,203.604,220.638,178.809,210.42922,206.798895,3.630325,6.842907,-6.425164,52.831302,258.229647,183.046353,15.799347,6038288.6
US,ALAB,2025-10-08,3.422914,212.522,205.013,220.0875,180.925667,211.803186,207.729347,4.073839,6.289094,-4.430509,55.90483,257.414488,182.760512,15.266536,5793548.6
US,ALAB,2025-10-09,2.767141,215.688,207.492,219.714,183.1505,213.899619,209.040507,4.859112,6.003097,-2.28797,58.348543,256.668329,182.759671,14.933212,5399821.2
US,ALAB,2025-10-10,-8.525928,216.782,208.335,218.5495,184.954833,212.716601,208.830839,3.885761,5.57963,-3.387738,49.074583,255.664412,181.434588,15.593697,5759088.0
US,ALAB,2025-10-13,-3.239416,212.526,208.408,216.9615,186.578167,210.687893,208.141888,2.546004,4.972905,-4.853801,46.319068,254.475683,179.447317,15.927719,5543666.8
US,ALAB,2025-10-14,-19.034732,202.416,204.983,213.0995,187.239167,203.128217,204.690637,-1.56242,3.66584,-10.456521,34.468651,256.30186,169.89714,17.605025,8106746.8
US,ALAB,2025-10-15,-0.04952,190.838,201.68,208.704,187.981833,196.719261,201.489109,-4.769848,1.978702,-13.497101,34.448658,254.080517,163.327483,17.221094,8884934.8
US,ALAB,2025-10-16,1.288165,178.462,197.075,204.2875,188.716333,191.616297,198.678804,-7.062507,0.17046,-14.465935,35.496232,249.18683,159.38817,16.534587,9207774.8
US,ALAB,2025-10-17,-2.292877,169.18,192.981,200.0175,189.351667,186.721482,195.798893,-9.07741,-1.679114,-14.796594,34.427996,244.784443,155.250557,15.999974,8980968.0
US,ALAB,2025-10-20,-2.18398,160.536,186.531,195.968,189.919667,182.042793,192.87379,-10.830997,-3.50949,-14.643013,33.419973,241.162663,150.773337,15.314262,8603729.4
US,ALAB,2025-10-21,0.767705,159.728,181.072,192.338,190.477333,178.268517,190.25425,-11.985733,-5.204739,-13.561988,34.134074,237.642727,147.033273,14.996814,5996590.4
US,ALAB,2025-10-22,-1.688782,158.404,174.621,189.817,191.084667,174.665668,187.631713,-12.966045,-6.757,-12.418089,33.281937,237.511016,142.122984,14.622756,5538749.8
US,ALAB,2025-10-23,5.676461,158.422,168.442,187.967,191.664167,172.969412,185.854549,-12.885137,-7.982627,-9.80502,38.725612,236.697368,139.236632,14.398274,5331176.0
US,ALAB,2025-10-24,0.81276,159.456,164.318,186.3265,192.134833,171.738733,184.307545,-12.568812,-8.899864,-7.337896,39.529581,235.827987,136.825013,13.838397,5066716.8
US,ALAB,2025-10-27,3.218767,162.25,161.393,184.9005,192.787833,171.514312,183.268468,-11.754155,-9.470723,-4.566866,42.758793,234.525531,135.275469,13.511369,4704236.6
US,ALAB,2025-10-28,-1.192154,164.398,162.063,183.523,193.293167,171.012111,182.155989,-11.143878,-9.805354,-2.677049,41.838936,233.390241,133.655759,13.131985,4379096.4
US,ALAB,2025-10-29,3.191679,168.152,163.278,182.479,193.927833,171.413324,181.523693,-10.110369,-9.866357,-0.488024,45.197534,232.257479,132.700521,12.711843,3960849.0
US,ALAB,2025-10-30,-2.3442,169.334,163.878,180.4765,193.847167,171.126659,180.636753,-9.510094,-9.795104,0.57002,43.163102,228.934513,132.018487,12.390997,3535383.0
US,ALAB,2025-10-31,10.103214,173.676,166.566,179.7735,194.110333,173.519481,181.084401,-7.56492,-9.349067,3.568294,52.794118,227.436662,132.110338,13.813783,4508222.2
US,ALAB,2025-11-03,2.614099,177.932,170.091,178.311,194.315,176.294945,181.860371,-5.565426,-8.592339,6.053826,55.126904,222.517411,134.104589,13.652799,4925287.8
US,ALAB,2025-11-04,-6.394863,180.144,172.271,176.6715,194.313,176.7588,181.671455,-4.912655,-7.856402,5.887495,48.630296,218.087865,135.255135,13.670456,6130256.8
US,ALAB,2025-11-05,1.466734,181.808,174.98,174.8005,194.145333,177.555908,181.691347,-4.13544,-7.11221,5.95354,49.992868,211.439311,138.161689,14.028281,7361596.8
US,ALAB,2025-11-06,-10.503463,180.464,174.899,171.6705,193.631833,175.290383,180.29421,-5.003827,-6.690533,3.373412,41.399932,200.292244,143.048756,14.570546,8098216.6
US,ALAB,2025-11-07,1.633606,176.226,174.951,169.6345,193.211833,173.782632,179.197602,-5.41497,-6.435421,2.040901,42.871869,193.544066,145.724934,14.521936,7499844.2
US,ALAB,2025-11-10,4.985195,172.662,175.297,168.345,193.01,173.776073,178.793335,-5.017262,-6.151789,2.269054,47.293779,188.084274,148.605726,14.292512,7262038.8
US,ALAB,2025-11-11,-3.562795,170.31,175.227,168.645,192.695333,172.818216,177.960496,-5.14228,-5.949887,1.615215,44.509975,188.142973,149.147027,13.830904,6121789.0
US,ALAB,2025-11-12,-5.825127,165.48,173.644,168.461,192.474167,170.506183,176.466385,-5.960202,-5.95195,-0.016504,40.46549,188.292934,148.629066,13.843696,5416249.0
US,ALAB,2025-11-13,-8.4416,161.808,171.136,167.507,192.007833,166.500616,174.096282,-7.595666,-6.280693,-2.629946,35.698009,189.866677,145.147323,14.274861,5627656.8
US,ALAB,2025-11-14,-0.089984,157.578,166.902,166.734,191.454667,163.091291,171.892113,-8.800823,-6.784719,-4.032207,35.653858,191.086155,142.381845,14.309514,5487049.2
US,ALAB,2025-11-17,-2.043786,151.108,161.885,165.988,190.826333,159.75263,169.632697,-9.880067,-7.403789,-4.952556,34.607866,192.398852,139.577148,14.005977,5599717.0
US,ALAB,2025-11-18,-1.322583,145.502,157.906,165.0885,190.249167,156.639918,167.402127,-10.762209,-8.075473,-5.373473,33.928366,193.724708,136.452292,13.522693,5762738.6
US,ALAB,2025-11-19,1.78469,142.346,153.913,164.4465,189.64,154.389161,165.521229,-11.132067,-8.686792,-4.890551,35.737677,194.512125,134.380875,13.050358,5445339.8
US,ALAB,2025-11-20,-1.915358,141.31,151.559,163.229,188.974833,152.066214,163.578175,-11.511961,-9.251826,-4.520271,34.622333,195.236068,131.221932,13.776761,5942578.2
US,ALAB,2025-11-21,1.801996,140.802,149.19,162.0705,188.185667,150.486796,161.964977,-11.478181,-9.697097,-3.562168,36.589026,195.391936,128.749064,13.685564,6169378.2
US,ALAB,2025-11-24,4.196051,142.074,146.591,160.944,187.6115,150.065751,160.912016,-10.846265,-9.92693,-1.838669,41.111398,194.600771,127.287229,13.408738,7774689.0
US,ALAB,2025-11-25,-2.010152,143.126,144.314,159.7705,187.1205,149.252558,159.717051,-10.464493,-10.034443,-0.860101,39.593475,193.958938,125.582062,13.251685,7814527.4
US,ALAB,2025-11-26,6.520238,145.568,143.957,158.8005,186.747333,150.01678,159.309862,-9.293082,-9.886171,1.186177,46.371225,192.458866,125.142134,13.207993,8008389.0
US,ALAB,2025-11-28,2.172222,149.224,145.267,158.2015,186.241,151.178814,159.180984,-8.00217,-9.509371,3.014401,48.576296,191.497789,124.905211,12.699565,6430662.8
US,ALAB,2025-12-01,4.835946,153.902,147.352,157.127,185.8075,153.334381,159.626096,-6.291715,-8.86584,5.148249,53.281794,187.974812,126.279188,13.248882,6583587.4
US,ALAB,2025-12-02,-13.469338,152.94,147.507,154.696,184.588167,151.735245,158.390089,-6.654844,-8.42364,3.537594,41.376167,181.734423,127.657577,15.161105,7455747.4
US,ALAB,2025-12-03,6.688121,154.484,148.805,153.3555,183.555,151.8529,157.953786,-6.100886,-7.95909,3.716407,46.869431,177.925467,128.785533,14.839597,8155173.0
US,ALAB,2025-12-04,0.006557,154.142,149.855,151.884,182.257333,151.953992,157.550543,-5.59655,-7.486582,3.780063,46.875039,172.662601,131.105399,14.279626,7879070.2
US,ALAB,2025-12-05,5.717658,154.874,152.049,151.804,181.062833,153.38107,157.823095,-4.442025,-6.87767,4.871291,51.665683,172.425135,131.182865,14.01751,8277450.2
US,ALAB,2025-12-08,8.999566,156.984,155.443,152.3165,180.166833,156.820906,159.150273,-2.329367,-5.96801,7.277284,58.38974,174.706357,129.926643,14.117688,8364907.8
US,ALAB,2025-12-09,-4.927734,161.812,157.376,151.9835,179.096667,158.399228,159.73766,-1.338432,-5.042094,7.407324,53.597329,173.259333,130.707667,13.982853,5809228.0
US,ALAB,2025-12-10,-1.651903,164.176,159.33,151.822,177.8555,159.310116,160.077093,-0.766977,-4.187071,6.840188,52.128837,172.667416,130.976584,13.311935,4845504.4
US,ALAB,2025-12-11,5.708374,168.414,161.278,152.6175,176.594167,161.523944,161.086197,0.437747,-3.262107,7.399709,56.491767,175.434294,129.800706,13.871797,5190984.4
US,ALAB,2025-12-12,-14.306275,165.938,160.406,152.8365,174.877,159.574107,160.179812,-0.605706,-2.730827,4.250243,44.833902,175.419164,130.253836,14.796668,6373024.4
US,ALAB,2025-12-15,-3.486732,159.522,158.253,152.8025,173.184667,157.125783,158.956122,-1.83034,-2.550729,1.440779,42.845235,175.438215,130.166785,14.390478,5866963.4
US,ALAB,2025-12-16,0.890993,155.094,158.453,152.98,171.645333,155.251047,157.917891,-2.666844,-2.573952,-0.185784,43.510736,175.308554,130.651446,13.836872,5573392.4
US,ALAB,2025-12-17,-3.242721,150.278,157.227,153.016,170.1475,152.941655,156.608418,-3.666763,-2.792514,-1.748496,41.59553,175.259793,130.772207,13.75281,5886591.2
US,ALAB,2025-12-18,4.021677,144.714,156.564,153.2095,169.157667,151.855247,155.81372,-3.958474,-3.025706,-1.865535,44.738962,175.131969,131.287031,13.387609,5453320.2
US,ALAB,2025-12-19,12.695366,147.824,156.881,154.465,168.553667,153.785209,156.449741,-2.664532,-2.953471,0.577879,53.57498,175.926232,133.003768,13.934923,5313864.8
US,ALAB,2025-12-22,5.0,153.616,156.569,156.006,168.134333,156.682869,157.647538,-0.964669,-2.555711,3.182084,56.87123,178.027038,133.984962,13.724571,5178203.6
US,ALAB,2025-12-23,-2.195574,158.394,156.744,157.06,167.634833,158.551658,158.475868,0.07579,-2.029411,4.210401,54.934517,179.414891,134.705109,13.320673,4969134.4
US,ALAB,2025-12-24,0.675235,164.34,157.309,158.3195,167.204333,160.308326,159.327285,0.981041,-1.427321,4.816722,55.426219,180.603345,136.035655,12.712768,4322433.6
US,ALAB,2025-12-26,-1.594399,168.616,156.665,158.9715,166.750333,161.377814,159.914894,1.46292,-0.849272,4.624386,53.920103,181.499142,136.443858,12.288999,4065390.6
US,ALAB,2025-12-29,1.703934,169.758,158.791,159.5985,166.092167,162.721228,160.670087,2.051141,-0.26919,4.640661,55.295889,182.627667,136.569333,12.111927,2527891.2
US,ALAB,2025-12-30,0.429134,169.402,161.509,159.881,165.593833,163.97027,161.423414,2.546856,0.294019,4.505673,55.661053,183.312701,136.449299,11.852504,2043271.2
US,ALAB,2025-12-31,-2.622337,168.908,163.651,161.052,164.686333,164.33792,161.789087,2.548833,0.744982,3.607703,52.810058,183.290607,138.813393,11.571611,2029833.0
US,ALAB,2026-01-02,7.9346,170.826,167.583,162.405,164.144,166.679779,163.105451,3.574328,1.310851,4.526953,59.407446,185.66688,139.14312,11.926496,2905613.0
US,ALAB,2026-01-05,-6.933616,170.796,169.706,163.135,163.273167,166.745967,163.402084,3.343883,1.717458,3.25285,52.020317,186.022303,140.247697,12.69246,4003636.8
US,ALAB,2026-01-06,-3.65029,168.976,169.367,163.124,162.1995,165.86351,163.224893,2.638618,1.90169,1.473856,48.817338,186.015166,140.232834,12.929428,5221491.6
US,ALAB,2026-01-07,2.956338,167.962,168.682,162.6255,161.5255,165.849124,163.413419,2.435705,2.008493,0.854425,51.335343,184.819622,140.431378,13.09804,5750351.6
US,ALAB,2026-01-08,-5.453339,166.036,167.472,162.108,160.812167,164.446182,162.918351,1.527831,1.91236,-0.769059,46.642248,184.345147,139.870853,13.037466,6049854.0
US,ALAB,2026-01-09,3.751675,162.646,166.736,162.0225,160.829833,164.163692,162.89551,1.268182,1.783525,-1.030685,49.853519,184.238109,139.806891,12.739075,5736814.0
US,ALAB,2026-01-12,6.125085,163.738,167.267,161.966,161.014833,165.45697,163.612139,1.844831,1.795786,0.098091,54.814269,184.067983,139.864017,12.939856,5108710.0
US,ALAB,2026-01-13,4.630005,167.648,168.312,163.5515,161.298333,167.780513,164.867536,2.912977,2.019224,1.787506,58.371936,186.205062,140.897938,12.796294,4394370.6
US,ALAB,2026-01-14,-4.66327,168.922,168.442,164.9755,161.504,168.451204,165.406237,3.044966,2.224373,1.641188,53.583992,185.968139,143.982861,12.843702,4109752.0
US,ALAB,2026-01-15,1.341931,172.466,169.251,166.451,161.806333,169.374095,166.076146,3.29795,2.439088,1.717723,54.682234,185.677322,147.224678,12.654866,4103914.8
US,ALAB,2026-01-16,4.327888,176.344,169.495,168.539,162.2145,171.316542,167.25569,4.060852,2.763441,2.594822,58.166224,184.761314,152.316686,12.718804,4369734.8
US,ALAB,2026-01-20,0.961538,178.58,171.159,170.4325,162.696167,173.229382,168.477491,4.751891,3.161131,3.18152,58.953915,184.303728,156.561272,13.00889,4541569.0
US,ALAB,2026-01-21,-4.212245,177.67,172.659,171.013,162.902333,173.657169,169.035455,4.621715,3.453248,2.336934,54.10183,184.797285,157.228715,13.478255,4987608.4
US,ALAB,2026-01-22,0.193171,178.512,173.717,171.1995,163.092,174.071451,169.577273,4.494178,3.661434,1.665489,54.279841,185.165445,157.233555,13.334808,5065332.8
US,ALAB,2026-01-23,-3.793592,177.554,175.01,171.241,163.081667,173.392766,169.583401,3.809365,3.69102,0.236691,50.157722,185.183447,157.298553,13.415893,5505245.8
US,ALAB,2026-01-26,-3.778145,173.804,175.074,170.905,162.998333,171.832341,169.11426,2.718081,3.496432,-1.556703,46.512935,185.271224,156.538776,13.228329,5226070.0
US,ALAB,2026-01-27,4.704441,171.24,174.91,171.0885,162.9535,171.693519,169.248759,2.44476,3.286098,-1.682676,51.098033,185.357228,156.819772,13.048449,4843476.6
US,ALAB,2026-01-28,-1.772655,169.618,173.644,170.978,162.926,171.109901,169.148851,1.96105,3.021088,-2.120077,49.302334,185.309419,156.646581,12.924274,4266256.6
US,ALAB,2026-01-29,-4.431209,166.44,172.476,170.459,162.489,169.471454,168.505233,0.966222,2.610115,-3.287786,45.110343,185.506724,155.411276,12.990397,4339290.8
US,ALAB,2026-01-30,-6.132369,162.632,170.093,169.672,161.806667,166.571231,167.180401,-0.60917,1.966258,-5.150855,40.237417,186.972675,152.371325,12.922512,3974250.8
US,ALAB,2026-02-02,1.208339,160.47,167.137,168.316,161.358833,164.397195,166.088519,-1.691324,1.234742,-5.852131,41.496222,186.531166,150.100834,12.490904,3795386.6
US,ALAB,2026-02-03,3.988454,157.988,164.614,167.8865,160.9685,163.493011,165.527888,-2.034877,0.580818,-5.231389,45.617265,186.593606,149.179394,12.491553,4176320.0
US,ALAB,2026-02-04,-8.737068,153.342,161.48,167.0695,160.665833,160.597163,163.982859,-3.385696,-0.212485,-6.346422,38.895894,188.179445,145.959555,12.889299,4564800.0
US,ALAB,2026-02-05,-1.278772,149.814,158.127,165.922,160.288,157.862215,162.41524,-4.553025,-1.080593,-6.944864,38.088603,189.536247,142.307753,12.550778,4584860.0
US,ALAB,2026-02-06,18.925921,153.66,158.146,166.578,160.223167,159.70649,162.965963,-3.259473,-1.516369,-3.486209,53.329962,189.861011,143.294989,13.596437,5186740.0
US,ALAB,2026-02-09,10.49161,160.706,160.588,167.831,160.5585,164.008568,164.795892,-0.787323,-1.37056,1.166473,60.273485,192.76379,142.89821,14.01312,6044340.0
US,ALAB,2026-02-10,-2.56301,165.574,161.781,168.3455,160.976333,166.908789,166.133974,0.774815,-0.941485,3.432599,57.774851,194.060627,142.630373,13.858611,6672324.0
US,ALAB,2026-02-11,-21.409822,165.382,159.362,166.503,160.963667,163.339744,164.472939,-1.133195,-0.979827,-0.306735,42.376537,193.691808,139.314192,15.811568,8807484.0
US,ALAB,2026-02-12,-11.919839,162.134,155.974,164.225,160.667667,157.684399,161.666054,-3.981655,-1.580193,-4.802926,37.64839,196.332447,132.117553,16.30717,10200924.2
US,ALAB,2026-02-13,2.164639,154.028,153.844,161.9685,160.4665,153.320645,159.27005,-5.949405,-2.454035,-6.99074,38.824162,197.086625,126.850375,15.908086,10289970.2
US,ALAB,2026-02-17,-4.353542,141.232,150.969,159.053,160.202667,148.762084,156.634491,-7.872407,-3.537709,-8.669394,37.269034,196.630635,121.475365,15.622509,10226990.2
US,ALAB,2026-02-18,4.761905,130.576,148.075,156.3445,159.9955,145.810995,154.630455,-8.81946,-4.59406,-8.450801,39.977777,194.219002,118.469998,15.139472,9412046.2
US,ALAB,2026-02-19,2.346041,128.358,146.87,154.175,159.884333,143.781611,153.000051,-9.21844,-5.518936,-7.399009,41.384604,192.265353,116.084647,14.472367,6709086.2
US,ALAB,2026-02-20,-2.21686,128.978,145.556,151.8415,159.682333,141.612132,151.272639,-9.660507,-6.34725,-6.626515,40.398435,189.930199,113.752801,13.934341,5149147.2
US,ALAB,2026-02-23,-1.110426,128.762,141.395,149.7705,159.357167,139.554881,149.566518,-10.011637,-7.080127,-5.863019,39.896956,188.260748,111.280252,13.384031,4206701.2
US,ALAB,2026-02-24,0.124766,129.704,135.468,148.028,159.084167,137.838746,147.998628,-10.159882,-7.696078,-4.927608,39.986098,187.07098,108.98502,12.783743,3364368.0
US,ALAB,2026-02-25,-0.194704,129.418,129.997,145.889,158.649667,136.348169,146.528359,-10.18019,-8.192901,-3.974578,39.886554,184.362103,107.415897,12.38919,3559395.0
US,ALAB,2026-02-26,-2.715568,127.828,128.093,143.7275,158.101333,134.551528,144.909221,-10.357693,-8.625859,-3.463669,38.451575,181.867291,105.587709,12.017819,3738617.8
US,ALAB,2026-02-27,-4.684367,125.658,127.318,141.646,157.328667,132.132831,142.977427,-10.844596,-9.069607,-3.549979,36.104136,180.44413,102.84787,11.671546,4041038.4
US,ALAB,2026-03-02,1.447446,124.12,126.441,140.1425,156.9555,130.350857,141.316136,-10.965279,-9.448741,-3.033076,37.317872,179.755056,100.529944,11.495722,4366746.0
US,ALAB,2026-03-03,-8.917462,120.4,125.052,138.0105,156.243833,127.189187,138.981608,-11.792421,-9.917477,-3.749888,33.087486,179.300458,96.720542,11.636742,4967179.2
US,ALAB,2026-03-04,3.615665,117.524,123.471,135.773,155.598167,125.124697,137.114081,-11.989385,-10.331859,-3.315052,35.97408,177.224507,94.321493,11.341974,4989141.4
US,ALAB,2026-03-05,5.47596,116.59,122.209,134.5395,154.911,124.336282,135.846371,-11.51009,-10.567505,-1.88517,40.324737,176.325473,92.753527,11.276119,5517245.0
US,ALAB,2026-03-06,-0.666667,116.664,121.161,133.3585,153.968667,123.546085,134.613307,-11.067222,-10.667448,-0.799548,39.949336,175.475423,91.241577,11.097825,5372743.2
US,ALAB,2026-03-09,2.60906,117.016,120.568,130.9815,153.2225,123.355918,133.701951,-10.346033,-10.603165,0.514264,42.201975,169.831502,92.131498,11.060837,5630295.6
US,ALAB,2026-03-10,-4.766577,118.352,119.376,127.422,152.425167,122.298084,132.426251,-10.128167,-10.508166,0.759998,39.231019,156.713364,98.130636,10.78292,5308045.0
US,ALAB,2026-03-11,7.065591,120.54,119.032,124.5145,151.608667,122.669148,131.854677,-9.185528,-10.243638,2.116219,45.105974,139.039182,109.989818,10.880569,5300355.8
US,ALAB,2026-03-12,-3.856948,120.52,118.555,123.324,151.126167,122.243125,130.969145,-8.72602,-9.940114,2.42819,42.518756,134.980007,111.667993,10.5791,4736252.8
US,ALAB,2026-03-13,0.341952,120.742,118.703,123.0105,150.737,121.945721,130.179579,-8.233857,-9.598863,2.730011,42.819826,134.636587,111.384413,10.244164,4538872.8
US,ALAB,2026-03-16,5.959604,121.776,119.396,122.9185,150.446,122.797149,129.97961,-7.182461,-9.115583,3.866243,47.95377,134.371245,111.465755,10.214581,4272972.8
US,ALAB,2026-03-17,0.070599,123.994,121.173,123.1125,150.234833,123.531434,129.80112,-6.269687,-8.546403,4.553434,48.016862,134.741046,111.483954,10.222111,4604243.4
US,ALAB,2026-03-18,-0.964177,124.32,122.43,122.9505,149.909167,123.963521,129.544741,-5.58122,-7.953367,4.744293,47.175181,134.301083,111.599917,9.950531,4292886.4
US,ALAB,2026-03-19,-0.142473,125.572,123.046,122.6275,149.271833,124.301441,129.294019,-4.992579,-7.361209,4.737261,47.045217,133.200047,112.054953,9.796208,4402805.4
US,ALAB,2026-03-20,-8.02156,124.718,122.73,121.9455,148.328833,123.03045,128.31224,-5.28179,-6.945325,3.32707,40.319803,132.369019,111.521981,9.911479,5452287.8
US,ALAB,2026-03-23,6.747673,123.996,122.886,121.727,147.5795,123.159611,127.983185,-4.823574,-6.520975,3.394802,46.672011,131.790566,111.663434,9.850659,5340552.0
US,ALAB,2026-03-24,-1.703399,122.834,123.414,121.395,146.776,122.944287,127.522209,-4.577922,-6.132365,3.108885,45.273568,130.982956,111.807044,9.542755,4687700.4
US,ALAB,2026-03-25,-1.174442,121.632,122.976,121.004,145.993833,122.542089,126.989453,-4.447364,-5.795364,2.696001,44.304675,130.082448,111.925552,9.375415,4465385.4
US,ALAB,2026-03-26,-5.584642,119.122,122.347,120.451,145.052167,121.167921,125.998382,-4.830461,-5.602384,1.543846,39.97516,129.908342,110.993658,9.1886,4251763.0
US,ALAB,2026-03-27,-1.003433,118.408,121.563,120.133,144.079333,119.829779,124.99628,-5.1665,-5.515207,0.697414,39.274003,130.195334,110.070666,8.802985,3087620.6
US,ALAB,2026-03-30,-10.847337,113.688,118.842,119.119,142.977833,116.820583,123.164703,-6.344121,-5.68099,-1.326262,32.669919,132.385905,105.852095,9.261344,3311204.6
US,ALAB,2026-03-31,9.304877,111.256,117.045,119.109,141.811833,115.709724,122.15991,-6.450187,-5.834829,-1.230715,40.860117,132.404258,105.813742,9.33839,3796696.2
US,ALAB,2026-04-01,-2.983577,108.456,115.044,118.737,140.798833,114.266689,120.987325,-6.720635,-6.01199,-1.41729,39.066457,132.990769,104.483231,9.109934,4206648.2
US,ALAB,2026-04-02,10.166463,109.162,114.142,118.594,140.067667,114.708737,120.702338,-5.9936,-6.008312,0.029424,47.302082,132.851601,104.336399,9.586367,4485430.0
US,ALAB,2026-04-06,0.725627,110.266,114.337,118.5335,139.271333,115.213547,120.501424,-5.287877,-5.864225,1.152697,47.898389,132.79057,104.27643,9.312341,4455930.0
US,ALAB,2026-04-07,0.847529,114.01,113.849,118.3675,138.642333,115.79454,120.389466,-4.594927,-5.610366,2.030878,48.634783,132.521761,104.213239,8.993602,4312461.8
US,ALAB,2026-04-08,5.437432,117.182,114.219,118.8165,138.023167,117.281533,120.765061,-3.483528,-5.184998,3.40294,53.239738,133.269351,104.363649,9.137631,4112741.8
US,ALAB,2026-04-09,3.188267,121.808,115.132,119.054,137.304667,119.155144,121.409131,-2.253987,-4.598796,4.689617,55.873612,134.032966,104.075034,8.926371,3909507.6
US,ALAB,2026-04-10,15.132087,128.19,118.676,120.5115,136.7795,123.754352,123.456603,0.29775,-3.619487,7.834473,65.98028,140.403233,100.619767,9.854488,5192188.8
US,ALAB,2026-04-13,11.908755,137.952,124.109,122.836,136.6905,130.37676,126.667225,3.709535,-2.153682,11.726435,72.194526,151.165927,94.506073,10.460596,6653974.4
US,ALAB,2026-04-14,2.278177,148.274,131.142,124.992,136.626333,136.564951,129.921504,6.643446,-0.394257,14.075406,73.318207,160.148195,89.835805,10.671982,7295294.4
US,ALAB,2026-04-15,0.873388,157.6,137.391,127.218,136.461167,142.030343,133.045097,8.985246,1.481644,15.007204,73.765885,167.942106,86.493894,10.599697,7487034.4
US,ALAB,2026-04-16,-0.743797,165.87,143.839,129.4415,136.2455,146.457982,135.842497,10.615485,3.308412,14.614147,72.638362,174.370058,84.512942,10.737576,7639495.4
US,ALAB,2026-04-17,1.896844,170.87,149.53,131.836,136.212833,150.702908,138.672682,12.030226,5.052775,13.954902,73.732829,180.738667,82.933333,10.528464,6490772.4
US,ALAB,2026-04-20,1.005458,172.67,155.311,134.824,136.203667,154.563999,141.422854,13.141145,6.670449,12.941392,74.330089,186.712555,82.935445,10.402859,5319826.8
US,ALAB,2026-04-21,9.197952,176.944,162.609,138.229,136.5755,160.318769,145.167087,15.151682,8.366695,13.569972,79.06649,195.458198,80.999802,11.157655,5963616.2
US,ALAB,2026-04-22,1.088712,181.338,169.469,141.844,137.089,165.509727,148.788784,16.720943,10.037545,13.366796,79.590662,203.423889,80.264111,11.287108,6179536.2
US,ALAB,2026-04-23,1.79326,186.684,176.277,145.7045,137.5325,170.437461,152.399985,18.037476,11.637531,12.79989,80.46767,210.97553,80.43347,11.508743,6352989.4
US,ALAB,2026-04-24,7.745267,194.442,182.656,150.666,138.2815,176.960929,156.877024,20.083905,13.326806,13.514199,83.769808,220.360082,80.971918,11.879547,6652189.4
US,ALAB,2026-04-27,-7.611351,198.61,185.64,154.8745,138.8845,179.988478,159.822429,20.166049,14.694655,10.942789,70.231056,224.998348,84.750652,12.432437,6900597.4
US,ALAB,2026-04-28,-6.778885,196.878,186.911,159.0265,139.429333,180.499482,161.562249,18.937232,15.54317,6.788124,61.432896,225.462807,92.590193,12.765834,5718088.0
US,ALAB,2026-04-29,7.386395,197.436,189.387,163.389,140.1695,183.014946,164.176157,18.838789,16.202294,5.272991,66.081029,227.694403,99.083597,12.931846,5481188.0
US,ALAB,2026-04-30,-1.071882,196.876,191.78,167.8095,140.773167,184.8188,166.440145,18.378655,16.637566,3.482178,64.770971,227.829936,107.789064,13.168857,5432288.0
US,ALAB,2026-05-01,4.077231,194.844,194.643,172.0865,141.74,187.566677,169.124579,18.442099,16.998473,2.887252,67.39082,229.174087,114.998913,13.121796,4968631.0
US,ALAB,2026-05-04,-0.705546,195.766,197.188,176.2495,142.713833,189.671804,171.50424,18.167564,17.232291,1.870546,66.432618,228.92289,123.57611,12.868096,4715223.0
US,ALAB,2026-05-05,7.175155,202.242,199.56,181.0845,143.477833,193.674603,174.777259,18.897344,17.565302,2.664085,70.927825,229.420383,132.748617,13.344661,5350663.0
US,ALAB,2026-05-06,-0.825258,205.654,201.545,185.507,143.915167,196.787741,177.675981,19.111761,17.874594,2.474334,69.688933,228.574497,142.439503,14.502185,6069323.0
US,ALAB,2026-05-07,-8.5363,205.836,201.356,188.8165,144.128333,196.612704,179.007389,17.605315,17.820738,-0.430846,58.416494,223.505417,154.127583,15.007743,6349204.0
US,ALAB,2026-05-08,2.116024,205.258,200.051,191.3535,145.063,197.101519,180.546842,16.554677,17.567526,-2.025697,59.996422,221.108905,161.598095,14.92219,6402504.4
US,ALAB,2026-05-11,3.783973,206.478,201.122,193.381,146.409167,198.678208,182.532261,16.145947,17.28321,-2.274525,62.777586,221.657206,165.104794,14.747748,6694491.2
US,ALAB,2026-05-12,-1.41307,204.224,203.233,195.072,147.660833,199.561561,184.153575,15.407986,16.908165,-3.000359,61.007313,221.693101,168.450899,15.252194,6076751.2
US,ALAB,2026-05-13,9.622346,206.26,205.957,197.672,149.334167,203.335167,187.111829,16.223338,16.7712,-1.095723,67.610598,224.956014,170.387986,15.615609,5649271.2
US,ALAB,2026-05-14,2.030434,212.858,209.347,200.5635,150.985167,207.228218,190.18799,17.040229,16.825005,0.430446,68.921669,228.103731,173.023269,15.538066,5261990.2
US,ALAB,2026-05-15,1.76697,219.436,212.347,203.495,152.652833,211.143877,193.335546,17.808331,17.021671,1.573321,70.079761,231.598209,175.391791,16.524632,5528326.8
US,ALAB,2026-05-18,-7.349149,221.082,213.78,205.484,154.0845,211.826357,194.983283,16.843074,16.985951,-0.285754,59.904527,230.974639,179.993361,17.250016,5637500.0
US,ALAB,2026-05-19,13.303646,229.05,216.637,208.0985,156.018167,216.816149,198.63341,18.182738,17.225309,1.914859,68.234981,237.874669,178.322331,19.261443,6512842.4
US,ALAB,2026-05-20,17.69426,241.728,223.994,212.7695,158.6695,227.68751,205.214639,22.472871,18.274821,8.3961,76.244794,257.716312,167.822688,20.988483,7288642.4
US,ALAB,2026-05-21,3.603729,255.568,234.213,217.7845,161.497667,238.480201,212.075777,26.404424,19.900742,13.007364,77.696586,275.409368,160.159632,20.664306,7766511.2
US,ALAB,2026-05-22,3.035187,270.408,244.922,222.4865,164.5345,249.003247,219.098312,29.904935,21.90158,16.006709,78.907905,291.875997,153.097003,20.471855,7883620.6
US,ALAB,2026-05-26,3.858186,291.036,256.059,228.5905,167.866,259.728901,226.477696,33.251205,24.171505,18.159399,80.408691,308.493166,148.687834,21.258866,8274340.6
US,ALAB,2026-05-27,2.073921,307.25,268.15,235.6915,171.279,269.821378,233.800089,36.021289,26.541462,18.959654,81.21241,323.123649,148.259351,21.256804,7416420.8
US,ALAB,2026-05-28,7.327944,319.588,280.658,243.3075,175.2685,282.028858,242.346009,39.68285,29.169739,21.026221,83.794611,341.725529,144.889471,21.824175,6475864.4
US,ALAB,2026-05-29,-1.810007,328.59,292.079,250.713,179.0865,291.385957,249.790749,41.595208,31.654833,19.88075,80.630766,355.482862,145.943138,21.783877,6272138.2
US,ALAB,2026-06-01,-6.638472,331.232,300.82,256.5835,182.421333,295.801964,254.998101,40.803863,33.484639,14.638448,70.331861,363.073278,150.093722,22.145743,6078498.6
US,ALAB,2026-06-02,11.143741,338.64,314.838,264.309,186.364,305.026277,262.461945,42.564332,35.300578,14.527508,75.593403,375.916239,152.701761,23.156761,5570058.6
US,ALAB,2026-06-03,2.186868,346.282,326.766,271.7015,190.3845,314.028388,269.949208,44.07918,37.056298,14.045763,76.56944,388.894403,154.508597,24.029135,5603778.0
US,ALAB,2026-06-04,-1.51015,348.058,333.823,278.9085,194.410667,320.800944,276.475193,44.325751,38.510189,11.631124,74.311095,398.698542,159.118458,24.25634,5242474.4
US,ALAB,2026-06-05,-11.448122,342.9,335.745,284.979,197.6165,320.225414,279.481475,40.743939,38.956939,3.574001,60.066303,399.464642,170.493358,25.610173,5508339.4
US,ALAB,2026-06-08,9.231691,348.148,339.69,292.306,201.390333,324.241504,284.433218,39.808287,39.127208,1.362157,65.196714,402.730537,181.881463,26.404446,5406209.6
US,ALAB,2026-06-09,-1.336875,345.336,341.988,299.0235,205.080167,326.927427,288.675201,38.252225,38.952212,-1.399973,63.800413,404.178282,193.868718,29.456986,5767289.6
US,ALAB,2026-06-10,-3.172373,338.8,342.541,305.3455,208.469833,327.532438,291.800001,35.732437,38.308257,-5.15164,60.531754,401.835943,208.855057,29.594344,5884457.0
US,ALAB,2026-06-11,11.065103,340.684,344.371,312.5145,212.468167,333.676678,297.405186,36.271492,37.900904,-3.258824,66.731026,405.014374,220.014626,30.124748,6273177.2
US,ALAB,2026-06-12,-0.087082,350.702,346.801,319.44,216.481667,338.82642,302.571469,36.254951,37.571713,-2.633524,66.632508,406.356039,232.523961,30.182266,5886318.4
US,ALAB,2026-06-15,6.00572,359.276,353.712,327.266,220.865667,346.576202,308.988397,37.587804,37.574931,0.025746,69.927121,409.590022,244.941978,30.434961,5943183.2
US,ALAB,2026-06-16,-7.063207,363.278,354.307,334.5725,224.960167,348.904478,312.893701,36.010777,37.262101,-2.502647,61.742212,400.194373,268.950627,30.887464,5655291.8
US,ALAB,2026-06-17,3.585745,372.042,355.421,341.0935,229.140333,352.869943,317.470464,35.399479,36.889576,-2.980194,63.889786,394.259177,287.927823,30.972645,5500622.4
US,ALAB,2026-06-18,11.313654,381.962,361.323,347.573,234.062167,362.746875,324.848207,37.898668,37.091395,1.614546,69.847273,404.478692,290.667308,32.08317,7874920.0
