country,code,time,raw_open,raw_high,raw_low,raw_close,adj_open,adj_high,adj_low,adj_close,volume,amount,adj_factor,float_shares,float_market_cap,total_shares,total_market_cap,turnover_rate
US,ALAB,2024-03-20,52.56,63.5,50.61,62.03,52.56,63.5,50.61,62.03,16843327.0,963017221.225,1.0,0.52532009,32.585605,0.52532009,32.585605,0.3206297897344836
US,ALAB,2024-03-21,66.0,80.0,63.45,64.15,66.0,80.0,63.45,64.15,11454349.0,783477471.6,1.0,0.52532009,33.699284,0.52532009,33.699284,0.21804513510990983
US,ALAB,2024-03-22,65.5,72.0,65.21,70.0,65.5,72.0,65.21,70.0,4387368.0,299119781.82,1.0,0.52532009,36.772406,0.52532009,36.772406,0.08351799376262195
US,ALAB,2024-03-25,73.39,86.95,70.0,85.0,73.39,86.95,70.0,85.0,7353881.0,579743208.635,1.0,0.52532009,44.652208,0.52532009,44.652208,0.1399885734429079
US,ALAB,2024-03-26,88.9,95.21,77.5,83.38,88.9,95.21,77.5,83.38,10591536.0,913493501.16,1.0,0.52532009,43.801189,0.52532009,43.801189,0.20162061572783177
US,ALAB,2024-03-27,81.21,82.0,75.0,79.92,81.21,82.0,75.0,79.92,3574729.0,284307134.1925,1.0,0.52532009,41.983582,0.52532009,41.983582,0.06804858729084586
US,ALAB,2024-03-28,79.57,81.58,73.35,74.19,79.57,81.58,73.35,74.19,2388108.0,184296264.63,1.0,0.52532009,38.973497,0.52532009,38.973497,0.04546005464972794
US,ALAB,2024-04-01,72.62,73.4,66.76,71.12,72.62,73.4,66.76,71.12,4316939.0,306394745.525,1.0,1.55200427,110.378544,1.55200427,110.378544,0.027815252080459804
US,ALAB,2024-04-02,69.7,74.63,68.0,72.21,69.7,74.63,68.0,72.21,2024116.0,143985491.66,1.0,1.55200427,112.070228,1.55200427,112.070228,0.013041948653917041
US,ALAB,2024-04-03,72.06,74.72,69.01,69.28,72.06,74.72,69.01,69.28,1700572.0,121195515.01,1.0,1.55200427,107.522856,1.55200427,107.522856,0.010957263667837717
US,ALAB,2024-04-04,69.71,73.2,67.75,69.77,69.71,73.2,67.75,69.77,1695470.0,118865163.025,1.0,1.55200427,108.283338,1.55200427,108.283338,0.010924390046942333
US,ALAB,2024-04-05,69.04,75.0,67.63,71.34,69.04,75.0,67.63,71.34,1475301.0,104381234.0025,1.0,1.55200427,110.719985,1.55200427,110.719985,0.009505779259228455
US,ALAB,2024-04-08,73.0,74.5,69.16,69.92,73.0,74.5,69.16,69.92,1250131.0,89565635.495,1.0,1.55200427,108.516139,1.55200427,108.516139,0.00805494562202461
US,ALAB,2024-04-09,69.92,70.99,66.0,68.37,69.92,70.99,66.0,68.37,1146855.0,78926561.1,1.0,1.55200427,106.110532,1.55200427,106.110532,0.007389509308502096
US,ALAB,2024-04-10,66.32,71.67,65.89,71.31,66.32,71.67,65.89,71.31,1520923.0,104635700.0925,1.0,1.55200427,110.673424,1.55200427,110.673424,0.009799734636039371
US,ALAB,2024-04-11,71.46,77.5,70.76,75.59,71.46,77.5,70.76,75.59,2467544.0,182172604.66,1.0,1.55200427,117.316003,1.55200427,117.316003,0.015899079968381788
US,ALAB,2024-04-12,74.65,75.36,70.53,72.73,74.65,75.36,70.53,72.73,1197222.0,87777323.985,1.0,1.55200427,112.877271,1.55200427,112.877271,0.007714038054805094
US,ALAB,2024-04-15,74.83,79.47,70.89,71.3,74.83,79.47,70.89,71.3,2510839.0,186109663.7775,1.0,1.55200427,110.657904,1.55200427,110.657904,0.01617804182974316
US,ALAB,2024-04-16,71.9,75.75,69.2,74.52,71.9,75.75,69.2,74.52,1493774.0,108810232.595,1.0,1.55200427,115.655358,1.55200427,115.655358,0.009624805993607221
US,ALAB,2024-04-17,75.0,75.54,71.16,73.21,75.0,75.54,71.16,73.21,1399631.0,103191294.5525,1.0,1.55200427,113.622233,1.55200427,113.622233,0.00901821616766557
US,ALAB,2024-04-18,72.99,72.99,68.55,70.92,72.99,72.99,68.55,70.92,1393330.0,99431512.125,1.0,1.55200427,110.068143,1.55200427,110.068143,0.00897761705256133
US,ALAB,2024-04-19,69.08,69.7,60.21,64.49,69.08,69.7,60.21,64.49,4006154.0,263885363.98,1.0,1.55200427,100.088755,1.55200427,100.088755,0.025812776919743912
US,ALAB,2024-04-22,65.0,68.73,64.56,65.79,65.0,68.73,64.56,65.79,1330346.0,87829442.92,1.0,1.55200427,102.106361,1.55200427,102.106361,0.00857179342683123
US,ALAB,2024-04-23,67.55,73.52,66.81,71.72,67.55,73.52,66.81,71.72,1514813.0,105885428.7,1.0,1.55200427,111.309746,1.55200427,111.309746,0.009760366187652306
US,ALAB,2024-04-24,73.2,75.5,69.13,70.99,73.2,75.5,69.13,70.99,1470674.0,106190016.17,1.0,1.55200427,110.176783,1.55200427,110.176783,0.009475966196922899
US,ALAB,2024-04-25,68.42,73.19,67.29,71.59,68.42,73.19,67.29,71.59,1281248.0,89844312.88,1.0,1.55200427,111.107986,1.55200427,111.107986,0.008255441204424006
US,ALAB,2024-04-26,70.97,85.27,70.2,85.0,70.97,85.27,70.2,85.0,3013699.0,234646604.14,1.0,1.55200427,131.920363,1.55200427,131.920363,0.01941811023496733
US,ALAB,2024-04-29,81.28,88.59,80.24,85.7,81.28,88.59,80.24,85.7,3601211.0,302330666.4775,1.0,1.55200427,133.006766,1.55200427,133.006766,0.023203615283867742
US,ALAB,2024-04-30,83.97,87.2,81.68,84.76,83.97,87.2,81.68,84.76,1983931.0,167448736.2275,1.0,1.55200427,131.547882,1.55200427,131.547882,0.012783025397217497
US,ALAB,2024-05-01,80.52,80.62,74.43,74.83,80.52,80.62,74.43,74.83,3959123.0,307227944.8,1.0,1.55200427,116.13648,1.55200427,116.13648,0.02550974295966338
US,ALAB,2024-05-02,76.91,79.58,71.68,79.06,76.91,79.58,71.68,79.06,2647417.0,203341481.2275,1.0,1.55200427,122.701458,1.55200427,122.701458,0.017058052295178285
US,ALAB,2024-05-03,81.07,81.25,76.51,76.96,81.07,81.25,76.51,76.96,2141981.0,169104044.9975,1.0,1.55200427,119.442249,1.55200427,119.442249,0.013801385997475381
US,ALAB,2024-05-06,77.3,81.04,76.71,78.11,77.3,81.04,76.71,78.11,1935766.0,151551120.14,1.0,1.55200427,121.227054,1.55200427,121.227054,0.01247268475620882
US,ALAB,2024-05-07,75.86,78.94,75.01,76.19,75.86,78.94,75.01,76.19,2392100.0,182995650.0,1.0,1.55200427,118.247205,1.55200427,118.247205,0.015412973058379537
US,ALAB,2024-05-08,71.06,74.2,66.1,69.26,71.06,74.2,66.1,69.26,5411724.0,379659497.22,1.0,1.55200427,107.491816,1.55200427,107.491816,0.03486925973470421
US,ALAB,2024-05-09,72.02,72.15,68.01,70.06,72.02,72.15,68.01,70.06,3297449.0,232668001.44,1.0,1.55200427,108.733419,1.55200427,108.733419,0.021246391287312632
US,ALAB,2024-05-10,71.14,74.19,68.89,70.08,71.14,74.19,68.89,70.08,1828618.0,129969024.35,1.0,1.55200427,108.764459,1.55200427,108.764459,0.011782300057718268
US,ALAB,2024-05-13,71.18,74.04,69.92,70.26,71.18,74.04,69.92,70.26,1929976.0,137703787.6,1.0,1.55200427,109.04382,1.55200427,109.04382,0.012435378157819114
US,ALAB,2024-05-14,71.0,72.88,68.81,72.32,71.0,72.88,68.81,72.32,1611246.0,114805305.615,1.0,1.55200427,112.240949,1.55200427,112.240949,0.010381711127637555
US,ALAB,2024-05-15,73.8,77.42,71.46,77.42,73.8,77.42,71.46,77.42,2755346.0,206719833.65,1.0,1.55200427,120.156171,1.55200427,120.156171,0.017753469196318643
US,ALAB,2024-05-16,77.52,77.57,72.15,73.0,77.52,77.57,72.15,73.0,2175198.0,163270361.88,1.0,1.55200427,113.296312,1.55200427,113.296312,0.014015412470482443
US,ALAB,2024-05-17,73.63,74.46,70.92,72.5,73.63,74.46,70.92,72.5,1204166.0,87756607.665,1.0,1.55200427,112.52031,1.55200427,112.52031,0.0077587801997477755
US,ALAB,2024-05-20,71.11,73.13,70.15,72.51,71.11,73.13,70.15,72.51,1332300.0,95559217.5,1.0,1.55200427,112.53583,1.55200427,112.53583,0.0085843835983776
US,ALAB,2024-05-21,72.3,75.38,71.71,73.34,72.3,75.38,71.71,73.34,1101838.0,80635259.435,1.0,1.55200427,113.823993,1.55200427,113.823993,0.007099452116842436
US,ALAB,2024-05-22,74.0,75.14,72.75,73.14,74.0,75.14,72.75,73.14,1272149.0,93830529.8675,1.0,1.55200427,113.513592,1.55200427,113.513592,0.008196813788405363
US,ALAB,2024-05-23,76.0,76.65,69.5,70.07,76.0,76.65,69.5,70.07,2212113.0,161605915.215,1.0,1.55200427,108.748939,1.55200427,108.748939,0.01425326619752148
US,ALAB,2024-05-24,71.1,72.82,70.68,71.99,71.1,72.82,70.68,71.99,857851.0,61462879.5225,1.0,1.55200427,111.728787,1.55200427,111.728787,0.005527375256512664
US,ALAB,2024-05-28,72.83,72.83,68.14,68.89,72.83,72.83,68.14,68.89,2246164.0,158742025.29,1.0,1.55200427,106.917574,1.55200427,106.917574,0.014472666367084157
US,ALAB,2024-05-29,67.99,68.88,66.42,67.45,67.99,68.88,66.42,67.45,1352420.0,91538547.7,1.0,1.55200427,104.682688,1.55200427,104.682688,0.008714022416961521
US,ALAB,2024-05-30,67.35,67.39,61.58,65.44,67.35,67.39,61.58,65.44,2787512.0,182414785.28,1.0,1.55200427,101.563159,1.55200427,101.563159,0.01796072378074063
US,ALAB,2024-05-31,66.0,66.01,61.72,64.54,66.0,66.01,61.72,64.54,1517085.0,97954385.7375,1.0,1.55200427,100.166356,1.55200427,100.166356,0.009775005322633552
US,ALAB,2024-06-03,65.13,66.48,62.4,63.62,65.13,66.48,62.4,63.62,1622073.0,104473666.7475,1.0,1.55200427,98.738512,1.55200427,98.738512,0.010451472533641934
US,ALAB,2024-06-04,63.16,63.47,60.73,61.21,63.16,63.47,60.73,61.21,1800791.0,111905654.7175,1.0,1.55200427,94.998181,1.55200427,94.998181,0.011603002870604215
US,ALAB,2024-06-05,62.04,63.59,60.03,62.21,62.04,63.59,60.03,62.21,2002304.0,124077773.12,1.0,1.55200427,96.550186,1.55200427,96.550186,0.012901407803472088
US,ALAB,2024-06-06,62.5,64.27,60.79,63.01,62.5,64.27,60.79,63.01,1461916.0,91578073.03,1.0,1.55200427,97.791789,1.55200427,97.791789,0.009419535939807691
US,ALAB,2024-06-07,62.09,64.04,61.27,61.94,62.09,64.04,61.27,61.94,1163930.0,72553576.55,1.0,1.55200427,96.131144,1.55200427,96.131144,0.0074995283357049015
US,ALAB,2024-06-10,62.11,67.22,62.0,66.7,62.11,67.22,62.0,66.7,1918337.0,123747124.0275,1.0,1.55200427,103.518685,1.55200427,103.518685,0.012360384807446438
US,ALAB,2024-06-11,66.0,66.9,64.41,65.13,66.0,66.9,64.41,65.13,1162454.0,76268606.94,1.0,1.55200427,101.082038,1.55200427,101.082038,0.0074900180525920845
US,ALAB,2024-06-12,66.33,67.18,63.66,64.57,66.33,67.18,63.66,64.57,1096735.0,71764854.725,1.0,1.55200427,100.212916,1.55200427,100.212916,0.0070665720526658085
US,ALAB,2024-06-13,65.24,66.49,62.7,63.11,65.24,66.49,62.7,63.11,1221880.0,78670743.8,1.0,1.55200427,97.946989,1.55200427,97.946989,0.007872916483664056
US,ALAB,2024-06-14,62.08,64.67,61.5,63.92,62.08,64.67,61.5,63.92,1458586.0,91952907.905,1.0,1.55200427,99.204113,1.55200427,99.204113,0.009398079813272679
US,ALAB,2024-06-17,64.32,66.39,63.49,64.88,64.32,66.39,63.49,64.88,1411962.0,91452778.74,1.0,1.55200427,100.694037,1.55200427,100.694037,0.009097668268657533
US,ALAB,2024-06-18,65.0,68.5,64.19,67.16,65.0,68.5,64.19,67.16,1533831.0,101558785.0875,1.0,1.55200427,104.232607,1.55200427,104.232607,0.009882904510307823
US,ALAB,2024-06-20,67.6,68.48,62.83,63.16,67.6,68.48,62.83,63.16,1756744.0,115097475.02,1.0,1.55200427,98.02459,1.55200427,98.02459,0.011319195661749049
US,ALAB,2024-06-21,60.84,62.02,58.92,59.01,60.84,62.02,58.92,59.01,4204450.0,253097378.875,1.0,1.55200427,91.583772,1.55200427,91.583772,0.02709045381685709
US,ALAB,2024-06-24,58.35,59.42,55.8,58.92,58.35,59.42,55.8,58.92,1553410.0,90288072.725,1.0,1.55200427,91.444092,1.55200427,91.444092,0.010009057513739959
US,ALAB,2024-06-25,59.78,59.92,57.36,57.81,59.78,59.92,57.36,57.81,727052.0,42690675.81,1.0,1.55200427,89.721367,1.55200427,89.721367,0.004684600513373587
US,ALAB,2024-06-26,57.16,59.32,54.9,55.6,57.16,59.32,54.9,55.6,1811573.0,102797709.885,1.0,1.55200427,86.291437,1.55200427,86.291437,0.011672474328952716
US,ALAB,2024-06-27,55.0,57.97,54.51,57.88,55.0,57.97,54.51,57.88,1120105.0,63106715.7,1.0,1.55200427,89.830007,1.55200427,89.830007,0.007217151535285403
US,ALAB,2024-06-28,58.26,61.8,58.06,60.51,58.26,61.8,58.06,60.51,3002041.0,179094260.9575,1.0,1.55200427,93.911778,1.55200427,93.911778,0.01934299446225106
US,ALAB,2024-07-01,60.5,60.78,56.4,57.54,60.5,60.78,56.4,57.54,1890528.0,111172499.04,1.0,1.56831,90.240557,1.56831,90.240557,0.012054555540677544
US,ALAB,2024-07-02,57.1,60.55,56.81,60.5,57.1,60.55,56.81,60.5,848182.0,49822210.68,1.0,1.56831,94.882755,1.56831,94.882755,0.005408254745554132
US,ALAB,2024-07-03,59.55,60.82,58.12,59.34,59.55,60.82,58.12,59.34,629243.0,37413215.6725,1.0,1.56831,93.063515,1.56831,93.063515,0.004012236101280996
US,ALAB,2024-07-05,59.74,61.49,58.58,59.44,59.74,61.49,58.58,59.44,931921.0,55740524.8125,1.0,1.56831,93.220346,1.56831,93.220346,0.005942198927507954
US,ALAB,2024-07-08,60.01,60.98,58.41,58.91,60.01,60.98,58.41,58.91,1400602.0,83444365.655,1.0,1.56831,92.389142,1.56831,92.389142,0.008930645089299947
US,ALAB,2024-07-09,58.54,59.0,55.39,56.2,58.54,59.0,55.39,56.2,1502103.0,86044215.0975,1.0,1.56831,88.139022,1.56831,88.139022,0.00957784494137001
US,ALAB,2024-07-10,56.71,57.59,55.26,56.88,56.71,57.59,55.26,56.88,898501.0,50864141.61,1.0,1.56831,89.205473,1.56831,89.205473,0.0057291033022807995
US,ALAB,2024-07-11,57.51,57.94,54.91,55.14,57.51,57.94,54.91,55.14,1307157.0,73690975.875,1.0,1.56831,86.476613,1.56831,86.476613,0.008334812632706544
US,ALAB,2024-07-12,55.53,57.26,54.8,55.89,55.53,57.26,54.8,55.89,1101836.0,61559577.32,1.0,1.56831,87.652846,1.56831,87.652846,0.007025626311124714
US,ALAB,2024-07-15,56.84,61.0,56.3,57.87,56.84,61.0,56.3,57.87,2204626.0,127873819.565,1.0,1.56831,90.7581,1.56831,90.7581,0.014057335603292717
US,ALAB,2024-07-16,58.69,59.51,56.02,57.52,58.69,59.51,56.02,57.52,1527675.0,88505851.125,1.0,1.56831,90.209191,1.56831,90.209191,0.009740899439524074
US,ALAB,2024-07-17,55.97,55.98,54.11,54.34,55.97,55.98,54.11,54.34,1758278.0,96881117.8,1.0,1.56831,85.221965,1.56831,85.221965,0.011211291135043454
US,ALAB,2024-07-18,55.0,55.14,52.14,53.5,55.0,55.14,52.14,53.5,1022328.0,55149483.96,1.0,1.56831,83.904585,1.56831,83.904585,0.00651866021386078
US,ALAB,2024-07-19,53.69,54.5,51.58,51.64,53.69,54.5,51.58,51.64,709762.0,37512696.105,1.0,1.56831,80.987528,1.56831,80.987528,0.00452564862814112
US,ALAB,2024-07-22,52.88,53.28,51.32,52.96,52.88,53.28,51.32,52.96,899716.0,47334058.76,1.0,1.56831,83.057698,1.56831,83.057698,0.00573685049511895
US,ALAB,2024-07-23,52.56,54.06,51.95,52.61,52.56,54.06,51.95,52.61,622733.0,32877188.735,1.0,1.56831,82.508789,1.56831,82.508789,0.0039707264507654735
US,ALAB,2024-07-24,52.08,52.08,46.55,47.15,52.08,52.08,46.55,47.15,2421300.0,119769604.5,1.0,1.56831,73.945817,1.56831,73.945817,0.015438911949805841
US,ALAB,2024-07-25,48.0,49.6,45.41,47.05,48.0,49.6,45.41,47.05,2533700.0,120388755.5,1.0,1.56831,73.788985,1.56831,73.788985,0.016155606990964796
US,ALAB,2024-07-26,47.88,47.9,45.47,47.14,47.88,47.9,45.47,47.14,1825349.0,85969374.5275,1.0,1.56831,73.930133,1.56831,73.930133,0.011638955308580574
US,ALAB,2024-07-29,47.51,48.8,45.89,46.01,47.51,48.8,45.89,46.01,1438325.0,67676787.0625,1.0,1.56831,72.157943,1.56831,72.157943,0.009171177892125919
US,ALAB,2024-07-30,45.92,46.1,41.82,42.22,45.92,46.1,41.82,42.22,2181823.0,96032939.345,1.0,1.56831,66.214048,1.56831,66.214048,0.013911937053261153
US,ALAB,2024-07-31,44.41,45.19,43.47,43.84,44.41,45.19,43.47,43.84,1451500.0,64196216.25,1.0,1.56831,68.75471,1.56831,68.75471,0.00925518551816924
US,ALAB,2024-08-01,43.6,44.59,39.41,40.45,43.6,44.59,39.41,40.45,1934928.0,81291162.6,1.0,1.56831,63.438139,1.56831,63.438139,0.012337662834516136
US,ALAB,2024-08-02,38.03,44.15,36.57,42.38,38.03,44.15,36.57,42.38,3059513.0,123244832.4225,1.0,1.56831,66.464978,1.56831,66.464978,0.019508343375990715
US,ALAB,2024-08-05,37.52,46.25,37.52,43.78,37.52,46.25,37.52,43.78,3348935.0,138202175.1125,1.0,1.56831,68.660612,1.56831,68.660612,0.02135378209665181
US,ALAB,2024-08-06,44.32,44.9,41.3,42.48,44.32,44.9,41.3,42.48,2534300.0,109608475.0,1.0,1.56831,66.621809,1.56831,66.621809,0.01615943276520586
US,ALAB,2024-08-07,43.12,43.4,36.22,36.37,43.12,43.4,36.22,36.37,5713200.0,227256813.0,1.0,1.56831,57.039435,1.56831,57.039435,0.0364290223233927
US,ALAB,2024-08-08,37.26,41.89,37.25,41.01,37.26,41.89,37.25,41.01,5975100.0,235135122.75,1.0,1.56831,64.316393,1.56831,64.316393,0.038098972779616276
US,ALAB,2024-08-09,40.69,41.36,38.93,40.91,40.69,41.36,38.93,40.91,2020736.0,81784237.76,1.0,1.56831,64.159562,1.56831,64.159562,0.01288479956131122
US,ALAB,2024-08-12,40.64,40.71,38.73,39.73,40.64,40.71,38.73,39.73,1674549.0,66902418.9225,1.0,1.56831,62.308956,1.56831,62.308956,0.01067741071599365
US,ALAB,2024-08-13,40.64,41.1,39.07,40.4,40.64,41.1,39.07,40.4,2288302.0,92224291.355,1.0,1.56831,63.359724,1.56831,63.359724,0.014590878078951227
US,ALAB,2024-08-14,40.5,40.6,38.55,38.86,40.5,40.6,38.55,38.86,1966400.0,77923516.0,1.0,1.56831,60.944527,1.56831,60.944527,0.012538337446040642
US,ALAB,2024-08-15,40.0,45.0,39.65,43.3,40.0,45.0,39.65,43.3,4716021.0,198013931.7375,1.0,1.56831,67.907823,1.56831,67.907823,0.03007071943684603
US,ALAB,2024-08-16,41.78,42.0,39.97,40.91,41.78,42.0,39.97,40.91,4751800.0,195607847.0,1.0,1.56831,64.159562,1.56831,64.159562,0.030298856731130964
US,ALAB,2024-08-19,40.87,41.2,39.52,41.09,40.87,41.2,39.52,41.09,2386435.0,97056311.45,1.0,1.56831,64.441858,1.56831,64.441858,0.015216602584948129
US,ALAB,2024-08-20,40.93,41.35,38.42,39.16,40.93,41.35,38.42,39.16,3298200.0,131812563.0,1.0,1.56831,61.41502,1.56831,61.41502,0.021030281003118007
US,ALAB,2024-08-21,39.01,40.72,38.01,40.66,39.01,40.72,38.01,40.66,2221400.0,87967440.0,1.0,1.56831,63.767485,1.56831,63.767485,0.014164291498492007
US,ALAB,2024-08-22,41.38,41.38,39.29,39.78,41.38,41.38,39.29,39.78,1435600.0,58080787.0,1.0,1.56831,62.387372,1.56831,62.387372,0.009153802500781096
US,ALAB,2024-08-23,39.49,41.87,38.92,41.77,39.49,41.87,38.92,41.77,2538912.0,102857672.4,1.0,1.56831,65.508309,1.56831,65.508309,0.01618884021653882
US,ALAB,2024-08-26,41.94,43.9,41.58,43.0,41.94,43.9,41.58,43.0,3395700.0,144673798.5,1.0,1.56831,67.43733,1.56831,67.43733,0.021651969317290586
US,ALAB,2024-08-27,43.0,45.44,42.86,44.71,43.0,45.44,42.86,44.71,4029010.0,177286512.525,1.0,1.56831,70.11914,1.56831,70.11914,0.025690137791635582
US,ALAB,2024-08-28,44.22,45.46,41.69,43.52,44.22,45.46,41.69,43.52,3411900.0,149176797.75,1.0,1.56831,68.252851,1.56831,68.252851,0.021755265221799262
US,ALAB,2024-08-29,43.88,50.04,43.58,48.22,43.88,50.04,43.58,48.22,6837000.0,317441910.0,1.0,1.56831,75.623908,1.56831,75.623908,0.04359469747690189
US,ALAB,2024-08-30,47.85,47.85,40.77,43.06,47.85,47.85,40.77,43.06,8630000.0,387335975.0,1.0,1.56831,67.531429,1.56831,67.531429,0.0550273861672756
US,ALAB,2024-09-03,42.1,42.68,38.96,39.11,42.1,42.68,38.96,39.11,4443000.0,180885637.5,1.0,1.56831,61.336604,1.56831,61.336604,0.02832985825506437
US,ALAB,2024-09-04,39.96,43.18,39.66,41.69,39.96,43.18,39.66,41.69,4374811.0,179903165.3475,1.0,1.56831,65.382844,1.56831,65.382844,0.02789506538885807
US,ALAB,2024-09-05,40.5,42.72,40.26,41.69,40.5,42.72,40.26,41.69,2884300.0,119099957.75,1.0,1.56831,65.382844,1.56831,65.382844,0.01839113440582538
US,ALAB,2024-09-06,41.93,41.99,39.55,40.0,41.93,41.99,39.55,40.0,2304100.0,94162806.75,1.0,1.56831,62.7324,1.56831,62.7324,0.014691610714718391
US,ALAB,2024-09-09,40.2,40.4,37.95,38.03,40.2,40.4,37.95,38.03,3052300.0,119482283.5,1.0,1.56831,59.642829,1.56831,59.642829,0.01946235119332275
US,ALAB,2024-09-10,37.74,38.73,36.85,38.3,37.74,38.73,36.85,38.3,1620100.0,61409890.5,1.0,1.56831,60.066273,1.56831,60.066273,0.010330228079907671
US,ALAB,2024-09-11,38.56,42.1,38.14,41.97,38.56,42.1,38.14,41.97,2900726.0,116587429.755,1.0,1.56831,65.821971,1.56831,65.821971,0.018495871351964854
US,ALAB,2024-09-12,41.79,42.3,40.78,41.36,41.79,42.3,40.78,41.36,2292761.0,95281415.2575,1.0,1.56831,64.865302,1.56831,64.865302,0.014619309957852721
US,ALAB,2024-09-13,41.84,43.54,41.47,43.45,41.84,43.54,41.47,43.45,3064230.0,130459592.25,1.0,1.56831,68.143069,1.56831,68.143069,0.019538420337815866
US,ALAB,2024-09-16,43.39,44.33,42.8,43.86,43.39,44.33,42.8,43.86,2882100.0,125645149.5,1.0,1.56831,68.786077,1.56831,68.786077,0.018377106566941484
US,ALAB,2024-09-17,44.75,46.79,44.4,46.33,44.75,46.79,44.4,46.33,3677945.0,167594758.7875,1.0,1.56831,72.659802,1.56831,72.659802,0.023451645401738178
US,ALAB,2024-09-18,46.6,48.31,46.06,46.44,46.6,48.31,46.06,46.44,6085118.0,285102991.095,1.0,1.56831,72.832316,1.56831,72.832316,0.038800479497038215
US,ALAB,2024-09-19,48.33,48.42,46.8,47.13,48.33,48.42,46.8,47.13,3504937.0,167080346.79,1.0,1.56831,73.91445,1.56831,73.91445,0.02234849615190874
US,ALAB,2024-09-20,47.05,50.69,47.0,50.51,47.05,50.69,47.0,50.51,8256739.0,403032072.4375,1.0,1.56831,79.215338,1.56831,79.215338,0.05264736563562051
US,ALAB,2024-09-23,50.62,51.3,49.5,50.7,50.62,51.3,49.5,50.7,2710425.0,136957775.25,1.0,1.56831,79.513317,1.56831,79.513317,0.01728245691221761
US,ALAB,2024-09-24,51.27,51.57,50.05,51.17,51.27,51.57,50.05,51.17,1687602.0,86093016.03,1.0,1.56831,80.250423,1.56831,80.250423,0.010760640434607954
US,ALAB,2024-09-25,50.9,52.55,50.79,52.1,50.9,52.55,50.79,52.1,2476847.0,127768152.495,1.0,1.56831,81.708951,1.56831,81.708951,0.015793095752752964
US,ALAB,2024-09-26,53.88,55.08,52.1,54.75,53.88,55.08,52.1,54.75,3797000.0,204857642.5,1.0,1.56831,85.864972,1.56831,85.864972,0.024210774655520913
US,ALAB,2024-09-27,55.0,55.5,52.23,53.52,55.0,55.5,52.23,53.52,3891700.0,210395031.25,1.0,1.56831,83.935951,1.56831,83.935951,0.024814609356568536
US,ALAB,2024-09-30,52.6,53.92,51.87,52.39,52.6,53.92,51.87,52.39,2359427.0,124330005.765,1.0,1.56831,82.163761,1.56831,82.163761,0.015044391733777123
US,ALAB,2024-10-01,52.71,53.0,50.42,50.68,52.71,53.0,50.42,50.68,1779814.0,92020833.335,1.0,1.56831,79.481951,1.56831,79.481951,0.011348610925135975
US,ALAB,2024-10-02,50.08,51.71,49.08,50.54,50.08,51.71,49.08,50.54,1495900.0,75322304.75,1.0,1.56831,79.262387,1.56831,79.262387,0.00953829281200783
US,ALAB,2024-10-03,50.2,50.78,48.74,48.76,50.2,50.78,48.74,48.76,1901003.0,94327768.86,1.0,1.56831,76.470796,1.56831,76.470796,0.012121347182636086
US,ALAB,2024-10-04,50.0,52.42,49.41,52.34,50.0,52.42,49.41,52.34,3838134.0,195907954.695,1.0,1.56831,82.085345,1.56831,82.085345,0.024473056984907322
US,ALAB,2024-10-07,52.47,53.22,51.14,52.55,52.47,53.22,51.14,52.55,2436900.0,127559530.5,1.0,1.56831,82.414691,1.56831,82.414691,0.015538382080073455
US,ALAB,2024-10-08,51.82,53.69,51.55,52.96,51.82,53.69,51.55,52.96,1825500.0,95847877.5,1.0,1.56831,83.057698,1.56831,83.057698,0.01163991812843124
US,ALAB,2024-10-09,61.16,63.15,59.45,61.22,61.16,63.15,59.45,61.22,12526300.0,767173243.5,1.0,1.56831,96.011938,1.56831,96.011938,0.07987132645969228
US,ALAB,2024-10-10,60.98,66.18,60.12,66.11,60.98,66.18,60.12,66.11,8234746.0,521650572.235,1.0,1.56831,103.680974,1.56831,103.680974,0.05250713188081438
US,ALAB,2024-10-11,65.34,70.74,65.31,66.69,65.34,70.74,65.31,66.69,7639600.0,512005992.0,1.0,1.56831,104.590594,1.56831,104.590594,0.048712308153362534
US,ALAB,2024-10-14,66.77,68.68,64.79,64.96,66.77,68.68,64.79,64.96,3234333.0,214436277.9,1.0,1.56831,101.877418,1.56831,101.877418,0.02062304646402816
US,ALAB,2024-10-15,64.46,64.5,60.48,62.47,64.46,64.5,60.48,62.47,3026200.0,190582510.5,1.0,1.56831,97.972326,1.56831,97.972326,0.01929593001383655
US,ALAB,2024-10-16,64.31,66.11,62.01,65.59,64.31,66.11,62.01,65.59,4148600.0,267605443.0,1.0,1.56831,102.865453,1.56831,102.865453,0.026452678360783265
US,ALAB,2024-10-17,67.96,69.48,65.63,65.99,67.96,69.48,65.63,65.99,5348100.0,359739946.5,1.0,1.56831,103.492777,1.56831,103.492777,0.03410103869770645
US,ALAB,2024-10-18,66.75,68.74,66.17,66.87,66.75,68.74,66.17,66.87,2453900.0,164736441.75,1.0,1.56831,104.87289,1.56831,104.87289,0.015646779016903548
US,ALAB,2024-10-21,66.96,67.5,65.64,67.18,66.96,67.5,65.64,67.18,2728243.0,182301197.26,1.0,1.56831,105.359066,1.56831,105.359066,0.01739606965459635
US,ALAB,2024-10-22,67.12,68.75,65.5,68.29,67.12,68.75,65.5,68.29,2932448.0,197690981.92,1.0,1.56831,107.09989,1.56831,107.09989,0.018698140036089803
US,ALAB,2024-10-23,68.1,70.09,65.1,67.8,68.1,70.09,65.1,67.8,2557630.0,173336979.175,1.0,1.56831,106.331418,1.56831,106.331418,0.016308191620279154
US,ALAB,2024-10-24,68.46,70.7,68.29,70.3,68.46,70.7,68.29,70.3,3546534.0,246262454.625,1.0,1.56831,110.252193,1.56831,110.252193,0.02261373070375117
US,ALAB,2024-10-25,71.45,75.05,71.35,72.67,71.45,75.05,71.35,72.67,5388433.0,391361888.79,1.0,1.56831,113.969088,1.56831,113.969088,0.03435821361848104
US,ALAB,2024-10-28,72.94,73.64,71.12,72.87,72.94,73.64,71.12,72.87,1865520.0,135516036.6,1.0,1.56831,114.28275,1.56831,114.28275,0.011895097270310078
US,ALAB,2024-10-29,72.96,75.0,72.93,74.07,72.96,75.0,72.93,74.07,1996003.0,147185261.22,1.0,1.56831,116.164722,1.56831,116.164722,0.012727094770804241
US,ALAB,2024-10-30,72.42,75.16,72.32,73.5,72.42,75.16,72.32,73.5,1927200.0,141360120.0,1.0,1.56831,115.270785,1.56831,115.270785,0.012288386862291256
US,ALAB,2024-10-31,73.28,73.28,69.33,70.16,73.28,73.28,69.33,70.16,2890600.0,206714032.5,1.0,1.56831,110.03263,1.56831,110.03263,0.01843130503535653
US,ALAB,2024-11-01,71.86,74.02,70.74,72.65,71.86,74.02,70.74,72.65,2328300.0,168376835.25,1.0,1.56831,113.937721,1.56831,113.937721,0.014845916942441226
US,ALAB,2024-11-04,72.23,72.59,67.31,69.65,72.23,72.59,67.31,69.65,5365107.0,377944962.615,1.0,1.56831,109.232792,1.56831,109.232792,0.034209480268569355
US,ALAB,2024-11-05,86.35,97.35,84.11,95.91,86.35,97.35,84.11,95.91,24756931.0,2251147735.83,1.0,1.56831,150.416612,1.56831,150.416612,0.1578573815125836
US,ALAB,2024-11-06,90.0,98.68,86.5,98.17,90.0,98.68,86.5,98.17,15381700.0,1435689423.75,1.0,1.56831,153.960993,1.56831,153.960993,0.0980781860729065
US,ALAB,2024-11-07,99.0,99.84,94.41,94.49,99.0,99.84,94.41,94.49,6308100.0,611475673.5,1.0,1.56831,148.189612,1.56831,148.189612,0.040222277483405705
US,ALAB,2024-11-08,96.22,99.36,93.3,99.3,96.22,99.36,93.3,99.3,5016912.0,486866225.04,1.0,1.56831,155.733183,1.56831,155.733183,0.03198928783212503
US,ALAB,2024-11-11,100.0,100.09,89.13,92.25,100.0,100.09,89.13,92.25,8504600.0,811062440.5,1.0,1.56831,144.676598,1.56831,144.676598,0.054227799350893634
US,ALAB,2024-11-12,91.65,93.6,87.89,90.75,91.65,93.6,87.89,90.75,4369836.0,397534905.51,1.0,1.56831,142.324132,1.56831,142.324132,0.027863343344109264
US,ALAB,2024-11-13,91.36,94.05,89.24,89.3,91.36,94.05,89.24,89.3,3164100.0,287893548.75,1.0,1.56831,140.050083,1.56831,140.050083,0.02017522046024064
US,ALAB,2024-11-14,89.95,92.37,88.19,88.49,89.95,92.37,88.19,88.49,2980500.0,267499875.0,1.0,1.56831,138.779752,1.56831,138.779752,0.01900453354247566
US,ALAB,2024-11-15,87.0,89.15,85.01,86.45,87.0,89.15,85.01,86.45,3969700.0,344976854.25,1.0,1.56831,135.580399,1.56831,135.580399,0.0253119600079066
US,ALAB,2024-11-18,89.41,91.22,86.67,90.38,89.41,91.22,86.67,90.38,6344500.0,567325190.0,1.0,1.56831,141.743858,1.56831,141.743858,0.040454374454030134
US,ALAB,2024-11-19,90.6,96.48,90.15,95.18,90.6,96.48,90.15,95.18,6027700.0,561193939.25,1.0,1.56831,149.271746,1.56831,149.271746,0.03843436565474938
US,ALAB,2024-11-20,94.79,98.79,92.17,97.42,94.79,98.79,92.17,97.42,5830311.0,558500066.4675,1.0,1.56831,152.78476,1.56831,152.78476,0.03717575606863439
US,ALAB,2024-11-21,102.34,108.37,101.32,104.12,102.34,108.37,101.32,104.12,9198942.0,957034928.325,1.0,1.56831,163.292437,1.56831,163.292437,0.05865512558103946
US,ALAB,2024-11-22,105.12,109.11,102.0,102.28,105.12,109.11,102.0,102.28,4755348.0,497540172.87,1.0,1.56831,160.406747,1.56831,160.406747,0.030321479809476443
US,ALAB,2024-11-25,107.0,113.85,105.25,107.31,107.0,113.85,105.25,107.31,7764634.0,841317505.485,1.0,1.56831,168.295346,1.56831,168.295346,0.04950956124745745
US,ALAB,2024-11-26,108.0,110.98,103.64,105.48,108.0,110.98,103.64,105.48,4343900.0,464905897.5,1.0,1.56831,165.425339,1.56831,165.425339,0.027697967876248956
US,ALAB,2024-11-27,105.76,105.87,96.79,99.6,105.76,105.87,96.79,99.6,5221924.0,532662357.62,1.0,1.56831,156.203676,1.56831,156.203676,0.03329650387997271
US,ALAB,2024-11-29,101.6,105.72,100.64,103.25,101.6,105.72,100.64,103.25,1915800.0,196949029.5,1.0,1.56831,161.928008,1.56831,161.928008,0.012215697151711077
US,ALAB,2024-12-02,103.84,105.02,100.84,103.39,103.84,105.02,100.84,103.39,3198000.0,330265455.0,1.0,1.56831,162.147571,1.56831,162.147571,0.020391376704860645
US,ALAB,2024-12-03,105.52,117.26,105.19,116.51,105.52,117.26,105.19,116.51,8309024.0,923298746.88,1.0,1.56831,182.723798,1.56831,182.723798,0.052980749979277056
US,ALAB,2024-12-04,116.69,121.2,114.8,115.27,116.69,121.2,114.8,115.27,4687319.0,548369449.81,1.0,1.56831,180.779094,1.56831,180.779094,0.02988770714973443
US,ALAB,2024-12-05,115.14,117.66,112.54,114.68,115.14,117.66,112.54,114.68,2803900.0,322462519.5,1.0,1.56831,179.853791,1.56831,179.853791,0.017878480657523066
US,ALAB,2024-12-06,115.0,120.88,113.33,120.4,115.0,120.88,113.33,120.4,4065807.0,477335906.3175,1.0,1.56831,188.824524,1.56831,188.824524,0.025924766149549514
US,ALAB,2024-12-09,122.13,123.4,117.41,122.03,122.13,123.4,117.41,122.03,4008621.0,486015231.5925,1.0,1.56831,191.380869,1.56831,191.380869,0.025560131606633892
US,ALAB,2024-12-10,122.22,125.41,116.23,118.17,122.22,125.41,116.23,118.17,4102742.0,494411181.565,1.0,1.56831,185.327193,1.56831,185.327193,0.026160274435538894
US,ALAB,2024-12-11,121.16,127.25,120.79,122.62,121.16,127.25,120.79,122.62,3545200.0,435900066.0,1.0,1.56831,192.306172,1.56831,192.306172,0.02260522473235521
US,ALAB,2024-12-12,120.3,124.53,120.01,122.45,120.3,124.53,120.01,122.45,2169314.0,264271254.765,1.0,1.56831,192.039559,1.56831,192.039559,0.013832176036625413
US,ALAB,2024-12-13,126.8,132.68,125.47,132.14,126.8,132.68,125.47,132.14,5083500.0,657156753.75,1.0,1.56831,207.236483,1.56831,207.236483,0.03241387225739809
US,ALAB,2024-12-16,133.0,136.39,128.85,130.48,133.0,136.39,128.85,130.48,5846700.0,772816806.0,1.0,1.56831,204.633089,1.56831,204.633089,0.037280257092029
US,ALAB,2024-12-17,127.82,131.89,124.51,127.94,127.82,131.89,124.51,127.94,5139320.0,658038532.8,1.0,1.56831,200.649581,1.56831,200.649581,0.03276979678762489
US,ALAB,2024-12-18,128.78,132.9,119.5,122.47,128.78,132.9,119.5,122.47,6019300.0,757905111.25,1.0,1.56831,192.070926,1.56831,192.070926,0.03838080481537451
US,ALAB,2024-12-19,124.15,128.97,119.02,125.28,124.15,128.97,119.02,125.28,6066900.0,754449349.5,1.0,1.56831,196.477877,1.56831,196.477877,0.038684316238498766
US,ALAB,2024-12-20,122.75,133.31,120.91,132.17,122.75,133.31,120.91,132.17,11491700.0,1462721034.5,1.0,1.56831,207.283533,1.56831,207.283533,0.07327441641002098
US,ALAB,2024-12-23,135.11,138.14,131.55,135.57,135.11,138.14,131.55,135.57,3501020.0,472961544.35,1.0,1.56831,212.615787,1.56831,212.615787,0.02232352022240501
US,ALAB,2024-12-24,138.23,144.13,137.28,141.6,138.23,144.13,137.28,141.6,2739746.0,384413761.26,1.0,1.56831,222.072696,1.56831,222.072696,0.01746941612308791
US,ALAB,2024-12-26,143.76,147.36,141.35,145.81,143.76,147.36,141.35,145.81,3912400.0,565615668.0,1.0,1.56831,228.675281,1.56831,228.675281,0.024946598567885177
US,ALAB,2024-12-27,145.0,145.98,139.5,141.53,145.0,145.98,139.5,141.53,3452535.0,493721136.3375,1.0,1.56831,221.962914,1.56831,221.962914,0.022014365782275187
US,ALAB,2024-12-30,135.27,138.96,133.31,136.42,135.27,138.96,133.31,136.42,3086547.0,419739526.53,1.0,1.56831,213.94885,1.56831,213.94885,0.01968072001071217
US,ALAB,2024-12-31,136.42,136.94,131.7,132.45,136.42,136.94,131.7,132.45,2493300.0,335043420.75,1.0,1.56831,207.722659,1.56831,207.722659,0.015898004858733286
US,ALAB,2025-01-02,130.27,136.2,125.81,134.63,130.27,136.2,125.81,134.63,3203500.0,421989046.25,1.0,1.56831,211.141575,1.56831,211.141575,0.02042644630207038
US,ALAB,2025-01-03,135.62,141.15,133.08,140.93,135.62,141.15,133.08,140.93,2745696.0,378068610.72,1.0,1.56831,221.021928,1.56831,221.021928,0.017507355050978442
US,ALAB,2025-01-06,147.15,147.39,140.37,143.64,147.15,147.39,140.37,143.64,3237415.0,468251612.0625,1.0,1.56831,225.272048,1.56831,225.272048,0.020642698191046412
US,ALAB,2025-01-07,145.23,145.32,132.42,133.6,145.23,145.32,132.42,133.6,3977606.0,553454042.855,1.0,1.56831,209.526216,1.56831,209.526216,0.025362370959822994
US,ALAB,2025-01-08,131.2,133.01,127.0,130.77,131.2,133.01,127.0,130.77,3683813.0,480719177.435,1.0,1.56831,205.087899,1.56831,205.087899,0.023489061473815763
US,ALAB,2025-01-10,127.7,130.76,124.0,129.7,127.7,130.76,124.0,129.7,2420628.0,309937209.12,1.0,1.56831,203.409807,1.56831,203.409807,0.015434627082655852
US,ALAB,2025-01-13,124.34,127.69,121.65,127.19,124.34,127.69,121.65,127.19,3793937.0,475067306.2975,1.0,1.56831,199.473349,1.56831,199.473349,0.02419124407802029
US,ALAB,2025-01-14,130.4,132.1,125.15,128.45,130.4,132.1,125.15,128.45,2710402.0,349709618.05,1.0,1.56831,201.44942,1.56831,201.44942,0.017282310257538368
US,ALAB,2025-01-15,132.6,135.81,131.23,131.77,132.6,135.81,131.23,131.77,3254400.0,432355176.0,1.0,1.56831,206.656209,1.56831,206.656209,0.020750999483520476
US,ALAB,2025-01-16,133.97,135.7,123.34,127.9,133.97,135.7,123.34,127.9,4186507.0,545198340.3425,1.0,1.56831,200.586849,1.56831,200.586849,0.026694384401043162
US,ALAB,2025-01-17,128.17,134.2,126.3,133.3,128.17,134.2,126.3,133.3,3245906.0,423566388.705,1.0,1.56831,209.055723,1.56831,209.055723,0.020696839272847843
US,ALAB,2025-01-21,128.5,129.5,119.37,124.41,128.5,129.5,119.37,124.41,5684839.0,713134628.355,1.0,1.56831,195.113447,1.56831,195.113447,0.036248184351308096
US,ALAB,2025-01-22,126.27,130.5,121.52,122.95,126.27,130.5,121.52,122.95,4027500.0,504686025.0,1.0,1.56831,192.823714,1.56831,192.823714,0.025680509593128908
US,ALAB,2025-01-23,119.68,124.0,112.18,123.73,119.68,124.0,112.18,123.73,6127819.0,734710178.5525,1.0,1.56831,194.046996,1.56831,194.046996,0.0390727534734842
US,ALAB,2025-01-24,126.14,127.35,113.42,115.55,126.14,127.35,113.42,115.55,5465400.0,659209221.0,1.0,1.56831,181.218221,1.56831,181.218221,0.034848977561834076
US,ALAB,2025-01-27,102.24,103.0,79.55,83.16,102.24,103.0,79.55,83.16,16766218.0,1542282478.275,1.0,1.56831,130.42066,1.56831,130.42066,0.10690627490738439
US,ALAB,2025-01-28,88.82,90.65,83.85,89.63,88.82,90.65,83.85,89.63,9003319.0,794430360.2625,1.0,1.56831,140.567625,1.56831,140.567625,0.057407776523774
US,ALAB,2025-01-29,90.6,92.89,87.17,90.43,90.6,92.89,87.17,90.43,4832929.0,436280583.1525,1.0,1.56831,141.822273,1.56831,141.822273,0.030816158795136165
US,ALAB,2025-01-30,93.88,98.32,93.0,96.87,93.88,98.32,93.0,96.87,5575200.0,532529166.0,1.0,1.56831,151.92219,1.56831,151.92219,0.03554909424794843
US,ALAB,2025-01-31,98.0,106.0,96.56,101.42,98.0,106.0,96.56,101.42,6444013.0,647591086.435,1.0,1.56831,159.058,1.56831,159.058,0.04108889824078148
US,ALAB,2025-02-03,88.9,100.95,87.04,98.12,88.9,100.95,87.04,98.12,5218341.0,489232514.6025,1.0,1.56831,153.882577,1.56831,153.882577,0.033273657631463165
US,ALAB,2025-02-04,100.51,103.98,98.67,101.73,100.51,103.98,98.67,101.73,3398541.0,344008816.3725,1.0,1.56831,159.544176,1.56831,159.544176,0.021670084358322017
US,ALAB,2025-02-05,102.75,107.17,100.76,106.57,102.75,107.17,100.76,106.57,3351724.0,349626709.75,1.0,1.56831,167.134797,1.56831,167.134797,0.021371565570582347
US,ALAB,2025-02-06,109.83,111.12,100.95,104.51,109.83,111.12,100.95,104.51,4953043.0,528006766.4075,1.0,1.56831,163.904078,1.56831,163.904078,0.031582040540454374
US,ALAB,2025-02-07,106.83,109.0,99.68,101.29,106.83,109.0,99.68,101.29,4960400.0,516873680.0,1.0,1.56831,158.85412,1.56831,158.85412,0.0316289509089402
US,ALAB,2025-02-10,103.01,104.25,100.02,103.29,103.01,104.25,100.02,103.29,10839600.0,1112603643.0,1.0,1.56831,161.99074,1.56831,161.99074,0.06911643743902672
US,ALAB,2025-02-11,97.11,105.88,91.75,92.04,97.11,105.88,91.75,92.04,14123346.0,1365656941.47,1.0,1.56831,144.347252,1.56831,144.347252,0.09005455554067754
US,ALAB,2025-02-12,91.49,91.78,86.55,87.5,91.49,91.78,86.55,87.5,7539902.0,673539445.66,1.0,1.56831,137.227125,1.56831,137.227125,0.048076604752886866
US,ALAB,2025-02-13,87.53,92.0,87.29,88.19,87.53,92.0,87.29,88.19,6136601.0,544638680.2525,1.0,1.56831,138.309259,1.56831,138.309259,0.03912875005579254
US,ALAB,2025-02-14,88.29,88.29,83.69,87.85,88.29,88.29,83.69,87.85,6191016.0,538804122.48,1.0,1.56831,137.776034,1.56831,137.776034,0.03947571589800486
US,ALAB,2025-02-18,88.6,94.58,87.7,93.27,88.6,94.58,87.7,93.27,6130620.0,558116318.25,1.0,1.31262,122.428067,1.31262,122.428067,0.046705215523152176
US,ALAB,2025-02-19,91.04,92.49,87.25,89.9,91.04,92.49,87.25,89.9,4728200.0,426341794.0,1.0,1.31262,118.004538,1.31262,118.004538,0.03602108759580077
US,ALAB,2025-02-20,90.54,90.54,85.12,88.43,90.54,90.54,85.12,88.43,3859624.0,342184614.78,1.0,1.31262,116.074987,1.31262,116.074987,0.029403970684585033
US,ALAB,2025-02-21,88.9,90.81,85.19,85.72,88.9,90.81,85.19,85.72,3964200.0,347481951.0,1.0,1.31262,112.517786,1.31262,112.517786,0.03020066736755497
US,ALAB,2025-02-24,85.0,87.2,80.36,84.63,85.0,87.2,80.36,84.63,6194700.0,522197723.25,1.0,1.59895,135.319139,1.59895,135.319139,0.0387422996341349
US,ALAB,2025-02-25,82.06,82.27,74.8,77.74,82.06,82.27,74.8,77.74,7391737.0,585554925.7975,1.0,1.59895,124.302373,1.59895,124.302373,0.04622869383032615
US,ALAB,2025-02-26,79.79,83.65,79.49,83.0,79.79,83.65,79.49,83.0,4059032.0,330740074.94,1.0,1.59895,132.71285,1.59895,132.71285,0.025385609306107133
US,ALAB,2025-02-27,85.02,85.1,75.62,75.75,85.02,85.1,75.62,75.75,4097200.0,329302207.0,1.0,1.59895,121.120463,1.59895,121.120463,0.02562431595734701
US,ALAB,2025-02-28,72.8,76.1,70.55,74.35,72.8,76.1,70.55,74.35,10688800.0,785092360.0,1.0,1.59895,118.881933,1.59895,118.881933,0.06684886957065574
US,ALAB,2025-03-03,74.98,75.17,67.37,67.68,74.98,75.17,67.37,67.68,8022320.0,571991416.0,1.0,1.59895,108.216936,1.59895,108.216936,0.050172425654335655
US,ALAB,2025-03-04,64.88,72.12,63.14,69.63,64.88,72.12,63.14,69.63,6980500.0,470782371.25,1.0,1.59895,111.334889,1.59895,111.334889,0.04365677475843522
US,ALAB,2025-03-05,69.81,69.98,66.06,68.57,69.81,69.98,66.06,68.57,5378600.0,368998853.0,1.0,1.59895,109.640001,1.59895,109.640001,0.03363832515088026
US,ALAB,2025-03-06,64.34,66.25,61.4,63.49,64.34,66.25,61.4,63.49,5630200.0,359600874.0,1.0,1.59895,101.517336,1.59895,101.517336,0.03521185778166922
US,ALAB,2025-03-07,63.73,67.98,62.01,66.92,63.73,67.98,62.01,66.92,5819543.0,379201421.88,1.0,1.59895,107.001734,1.59895,107.001734,0.03639602864379749
US,ALAB,2025-03-10,64.0,64.68,60.45,61.7,64.0,64.68,60.45,61.7,5017535.0,314637076.0125,1.0,1.59895,98.655215,1.59895,98.655215,0.03138018699771725
US,ALAB,2025-03-11,61.19,68.07,60.29,66.05,61.19,68.07,60.29,66.05,5641143.0,360469037.7,1.0,1.59895,105.610647,1.59895,105.610647,0.03528029644454173
US,ALAB,2025-03-12,69.91,71.45,67.68,68.82,69.91,71.45,67.68,68.82,4757242.0,330461815.53,1.0,1.59895,110.039739,1.59895,110.039739,0.029752287438631602
US,ALAB,2025-03-13,68.11,68.39,64.15,65.32,68.11,68.39,64.15,65.32,2369800.0,157573926.5,1.0,1.59895,104.443414,1.59895,104.443414,0.014820976265674348
US,ALAB,2025-03-14,67.88,72.43,67.5,72.18,67.88,72.43,67.5,72.18,3700318.0,259013009.205,1.0,1.59895,115.412211,1.59895,115.412211,0.023142174552049782
US,ALAB,2025-03-17,71.23,73.6,69.51,72.05,71.23,73.6,69.51,72.05,3637200.0,260414427.0,1.0,1.59895,115.204347,1.59895,115.204347,0.022747427999624755
US,ALAB,2025-03-18,70.7,71.21,67.5,68.89,70.7,71.21,67.5,68.89,2825010.0,196550070.75,1.0,1.59895,110.151665,1.59895,110.151665,0.01766790706401076
US,ALAB,2025-03-19,69.0,70.6,67.51,68.89,69.0,70.6,67.51,68.89,3153217.0,217571973.0,1.0,1.59895,110.151665,1.59895,110.151665,0.019720547859532818
US,ALAB,2025-03-20,67.57,70.14,67.01,68.97,67.57,70.14,67.01,68.97,2318800.0,158658093.0,1.0,1.59895,110.279582,1.59895,110.279582,0.014502016948622534
US,ALAB,2025-03-21,67.85,71.19,65.5,71.1,67.85,71.19,65.5,71.1,3655000.0,251866050.0,1.0,1.59895,113.685345,1.59895,113.685345,0.022858751055380093
US,ALAB,2025-03-24,73.6,74.8,72.0,73.78,73.6,74.8,72.0,73.78,2416333.0,177709210.485,1.0,1.59895,117.970531,1.59895,117.970531,0.015111998499014978
US,ALAB,2025-03-25,74.08,74.66,72.03,72.19,74.08,74.66,72.03,72.19,1646212.0,120568566.88,1.0,1.59895,115.428201,1.59895,115.428201,0.010295581475343193
US,ALAB,2025-03-26,71.88,72.24,66.16,66.95,71.88,72.24,66.16,66.95,3019200.0,209253204.0,1.0,1.59895,107.049702,1.59895,107.049702,0.018882391569467465
US,ALAB,2025-03-27,65.49,65.49,62.18,62.79,65.49,65.49,62.18,62.79,3118000.0,199513025.0,1.0,1.59895,100.398071,1.59895,100.398071,0.019500297069952155
US,ALAB,2025-03-28,61.85,63.56,59.62,60.78,61.85,63.56,59.62,60.78,3138400.0,192862526.0,1.0,1.59895,97.184181,1.59895,97.184181,0.01962788079677288
US,ALAB,2025-03-31,58.19,59.75,57.2,59.67,58.19,59.75,57.2,59.67,3752300.0,220269390.75,1.0,1.59895,95.409346,1.59895,95.409346,0.02346727539948091
US,ALAB,2025-04-01,59.33,62.77,58.48,62.01,59.33,62.77,58.48,62.01,3464700.0,210125393.25,1.0,1.59895,99.15089,1.59895,99.15089,0.02166859501547891
US,ALAB,2025-04-02,59.95,65.22,59.0,64.08,59.95,65.22,59.0,64.08,4536100.0,281521706.25,1.0,1.59895,102.460716,1.59895,102.460716,0.028369242315269397
US,ALAB,2025-04-03,58.09,59.98,55.39,55.68,58.09,59.98,55.39,55.68,6459900.0,370055371.5,1.0,1.59895,89.029536,1.59895,89.029536,0.04040088808280434
US,ALAB,2025-04-04,52.46,53.71,47.13,52.94,52.46,53.71,47.13,52.94,5761900.0,297083564.0,1.0,1.59895,84.648413,1.59895,84.648413,0.03603552331217361
US,ALAB,2025-04-07,48.51,59.45,48.35,55.16,48.51,59.45,48.35,55.16,5090100.0,269100861.75,1.0,1.59895,88.198082,1.59895,88.198082,0.031834016073047935
US,ALAB,2025-04-08,59.32,61.0,52.06,53.71,59.32,61.0,52.06,53.71,4651439.0,262910960.8775,1.0,1.59895,85.879604,1.59895,85.879604,0.029090584446042716
US,ALAB,2025-04-09,54.09,64.78,52.0,64.33,54.09,64.78,52.0,64.33,7028732.0,413289441.6,1.0,1.59895,102.860454,1.59895,102.860454,0.04395842271490666
US,ALAB,2025-04-10,61.23,61.23,56.7,58.86,61.23,61.23,56.7,58.86,3996000.0,237781980.0,1.0,1.59895,94.114197,1.59895,94.114197,0.024991400606648114
US,ALAB,2025-04-11,58.74,61.42,58.23,60.13,58.74,61.42,58.23,60.13,4529931.0,270119785.53,1.0,1.59895,96.144863,1.59895,96.144863,0.02833066074611464
US,ALAB,2025-04-14,63.29,64.6,57.97,59.41,63.29,64.6,57.97,59.41,3722100.0,228229866.75,1.0,1.59895,94.993619,1.59895,94.993619,0.023278401450952186
US,ALAB,2025-04-15,59.4,60.83,58.78,60.08,59.4,60.83,58.78,60.08,2316231.0,138446917.4475,1.0,1.59895,96.064916,1.59895,96.064916,0.01448595015478908
US,ALAB,2025-04-16,56.56,59.36,56.3,58.79,56.56,59.36,56.3,58.79,2777100.0,160384467.75,1.0,1.59895,94.00227,1.59895,94.00227,0.017368272929109727
US,ALAB,2025-04-17,58.34,59.13,56.53,58.96,58.34,59.13,56.53,58.96,1942125.0,113109360.0,1.0,1.59895,94.274092,1.59895,94.274092,0.01214625222802464
US,ALAB,2025-04-21,56.9,57.69,52.57,54.42,56.9,57.69,52.57,54.42,3176045.0,175937012.775,1.0,1.59895,87.014859,1.59895,87.014859,0.019863316551486914
US,ALAB,2025-04-22,55.51,56.93,54.54,55.31,55.51,56.93,54.54,55.31,2487706.0,138248041.685,1.0,1.59895,88.437924,1.59895,88.437924,0.01555837268207261
US,ALAB,2025-04-23,60.74,62.98,59.32,60.15,60.74,62.98,59.32,60.15,4450343.0,270569728.5425,1.0,1.59895,96.176843,1.59895,96.176843,0.02783290909659464
US,ALAB,2025-04-24,62.01,64.98,61.18,64.55,62.01,64.98,61.18,64.55,3024519.0,191089110.42,1.0,1.59895,103.212222,1.59895,103.212222,0.01891565715000469
US,ALAB,2025-04-25,63.97,67.14,63.2,66.11,63.97,67.14,63.2,66.11,2982800.0,194195194.0,1.0,1.59895,105.706585,1.59895,105.706585,0.01865474217455205
US,ALAB,2025-04-28,66.48,67.44,64.35,66.08,66.48,67.44,64.35,66.08,1869530.0,123552563.875,1.0,1.59895,105.658616,1.59895,105.658616,0.011692235529566278
US,ALAB,2025-04-29,65.68,66.52,64.6,65.65,65.68,66.52,64.6,65.65,1508700.0,98989578.75,1.0,1.59895,104.971068,1.59895,104.971068,0.009435567090903405
US,ALAB,2025-04-30,62.51,65.36,62.31,65.31,62.51,65.36,62.31,65.31,1747300.0,111604419.25,1.0,1.59895,104.427425,1.59895,104.427425,0.010927796366365428
US,ALAB,2025-05-01,68.6,70.5,68.25,69.22,68.6,70.5,68.25,69.22,3831900.0,264947145.75,1.0,1.59895,110.679319,1.59895,110.679319,0.023965102098251978
US,ALAB,2025-05-02,71.59,73.06,70.92,71.27,71.59,73.06,70.92,71.27,3199700.0,229450487.0,1.0,1.59895,113.957166,1.59895,113.957166,0.02001125738766065
US,ALAB,2025-05-05,70.75,73.47,70.65,72.15,70.75,73.47,70.65,72.15,3061704.0,219692570.52,1.0,1.59895,115.364243,1.59895,115.364243,0.019148216016760998
US,ALAB,2025-05-06,69.54,72.35,68.64,71.36,69.54,72.35,68.64,71.36,4119746.0,290328799.985,1.0,1.59895,114.101072,1.59895,114.101072,0.025765320991900934
US,ALAB,2025-05-07,67.36,71.3,63.4,71.09,67.36,71.3,63.4,71.09,8753905.0,597782287.6875,1.0,1.59895,113.669355,1.59895,113.669355,0.05474783451640139
US,ALAB,2025-05-08,72.93,73.81,69.83,71.64,72.93,73.81,69.83,71.64,4703000.0,338862907.5,1.0,1.59895,114.548778,1.59895,114.548778,0.0294130523155821
US,ALAB,2025-05-09,71.7,73.46,69.26,71.2,71.7,73.46,69.26,71.2,2695800.0,192493599.0,1.0,1.63194,116.194128,1.63194,116.194128,0.01651898966873782
US,ALAB,2025-05-12,80.04,81.27,76.53,80.28,80.04,81.27,76.53,80.28,6342000.0,504379260.0,1.0,1.63194,131.012143,1.63194,131.012143,0.038861722857457995
US,ALAB,2025-05-13,81.32,88.22,81.14,87.76,81.32,88.22,81.14,87.76,6657308.0,563274829.88,1.0,1.63194,143.219054,1.63194,143.219054,0.0407938282044683
US,ALAB,2025-05-14,90.36,92.24,86.85,90.66,90.36,92.24,86.85,90.66,6112000.0,550248080.0,1.0,1.63194,147.95168,1.63194,147.95168,0.037452357317058226
US,ALAB,2025-05-15,88.4,93.39,88.15,92.19,88.4,93.39,88.15,92.19,4407000.0,398976727.5,1.0,1.63194,150.448549,1.63194,150.448549,0.027004669289312107
US,ALAB,2025-05-16,92.16,92.59,89.05,90.56,92.16,92.59,89.05,90.56,3859305.0,351544092.45,1.0,1.63194,147.788486,1.63194,147.788486,0.023648571638663185
US,ALAB,2025-05-19,87.32,90.98,87.27,90.29,87.32,90.98,87.27,90.29,3560900.0,316795468.5,1.0,1.63194,147.347863,1.63194,147.347863,0.021820042403519736
US,ALAB,2025-05-20,90.0,94.7,89.03,94.46,90.0,94.7,89.03,94.46,4388338.0,403935542.055,1.0,1.63194,154.153052,1.63194,154.153052,0.026890314594899323
US,ALAB,2025-05-21,93.58,96.11,90.63,92.17,93.58,96.11,90.63,92.17,5401900.0,503038432.75,1.0,1.63194,150.41591,1.63194,150.41591,0.0331010944029805
US,ALAB,2025-05-22,92.56,98.18,91.62,94.3,92.56,98.18,91.62,94.3,4741546.0,446487679.09,1.0,1.63194,153.891942,1.63194,153.891942,0.02905465887226246
US,ALAB,2025-05-23,90.99,95.25,90.7,94.62,90.99,95.25,90.7,94.62,3227000.0,299756030.0,1.0,1.63194,154.414163,1.63194,154.414163,0.01977401129943503
US,ALAB,2025-05-27,97.25,99.29,96.4,97.54,97.25,99.29,96.4,97.54,3560800.0,347605296.0,1.0,1.63194,159.179428,1.63194,159.179428,0.021819429635893478
US,ALAB,2025-05-28,98.03,99.24,96.41,96.46,98.03,99.24,96.41,96.46,3388300.0,330477840.5,1.0,1.63194,157.416932,1.63194,157.416932,0.02076240548059365
US,ALAB,2025-05-29,100.0,100.19,96.23,96.61,100.0,100.19,96.23,96.61,3743240.0,367801404.3,1.0,1.63194,157.661723,1.63194,157.661723,0.022937362893243624
US,ALAB,2025-05-30,94.6,94.79,87.29,90.72,94.6,94.79,87.29,90.72,11139300.0,1023144705.0,1.0,1.63194,148.049597,1.63194,148.049597,0.06825802419206589
US,ALAB,2025-06-02,89.93,93.18,89.65,92.92,89.93,93.18,89.65,92.92,2897226.0,264864400.92,1.0,1.63194,151.639865,1.63194,151.639865,0.01775326298760984
US,ALAB,2025-06-03,94.86,97.0,93.8,95.09,94.86,97.0,93.8,95.09,3533701.0,336364163.9375,1.0,1.63194,155.181175,1.63194,155.181175,0.02165337573685307
US,ALAB,2025-06-04,96.0,98.24,95.02,95.22,96.0,98.24,95.02,95.22,3552847.0,341499653.64,1.0,1.63194,155.393327,1.63194,155.393327,0.021770696226576958
US,ALAB,2025-06-05,95.84,96.88,89.88,90.71,95.84,96.88,89.88,90.71,4139900.0,386366517.25,1.0,1.63194,148.033277,1.63194,148.033277,0.025367966959569593
US,ALAB,2025-06-06,92.64,92.96,89.81,90.75,92.64,92.96,89.81,90.75,2852300.0,261099542.0,1.0,1.63194,148.098555,1.63194,148.098555,0.017477971003835927
US,ALAB,2025-06-09,91.7,93.58,90.27,92.35,91.7,93.58,90.27,92.35,2650700.0,243798132.5,1.0,1.63194,150.709659,1.63194,150.709659,0.016242631469294215
US,ALAB,2025-06-10,93.0,94.0,88.59,91.46,93.0,94.0,88.59,91.46,2461500.0,225873393.75,1.0,1.63194,149.257232,1.63194,149.257232,0.01508327512040884
US,ALAB,2025-06-11,92.03,96.0,89.81,94.54,92.03,96.0,89.81,94.54,4590400.0,427343288.0,1.0,1.63194,154.283608,1.63194,154.283608,0.028128485115874357
US,ALAB,2025-06-12,93.76,97.24,92.51,94.34,93.76,97.24,92.51,94.34,2853734.0,269570847.975,1.0,1.63194,153.95722,1.63194,153.95722,0.017486758091596506
US,ALAB,2025-06-13,91.0,94.2,89.29,89.73,91.0,94.2,89.29,89.73,3499703.0,318665456.665,1.0,1.63194,146.433976,1.63194,146.433976,0.021445046999276934
US,ALAB,2025-06-16,91.4,98.1,91.4,95.3,91.4,98.1,91.4,95.3,3180637.0,299138909.85,1.0,1.63194,155.523882,1.63194,155.523882,0.019489913844871747
US,ALAB,2025-06-17,94.75,97.0,92.8,92.91,94.75,97.0,92.8,92.91,2829245.0,266981704.425,1.0,1.63194,151.623545,1.63194,151.623545,0.017336697427601504
US,ALAB,2025-06-18,93.1,99.66,92.5,99.53,93.1,99.66,92.5,99.53,4531342.0,435903772.045,1.0,1.63194,162.426988,1.63194,162.426988,0.027766596811157274
US,ALAB,2025-06-20,101.3,101.82,91.8,93.08,101.3,101.82,91.8,93.08,8081000.0,783857000.0,1.0,1.63194,151.900975,1.63194,151.900975,0.049517751878132774
US,ALAB,2025-06-23,92.45,93.67,85.75,85.95,92.45,93.67,85.75,85.95,7162004.0,640677067.82,1.0,1.63194,140.265243,1.63194,140.265243,0.043886441903501355
US,ALAB,2025-06-24,88.0,88.95,85.25,87.26,88.0,88.95,85.25,87.26,7533804.0,658190786.46,1.0,1.63194,142.403084,1.63194,142.403084,0.0461647119379389
US,ALAB,2025-06-25,88.7,89.93,84.78,89.63,88.7,89.93,84.78,89.63,5739704.0,506586275.04,1.0,1.63194,146.270782,1.63194,146.270782,0.035171047955194434
US,ALAB,2025-06-26,91.06,99.76,91.0,97.96,91.06,99.76,91.0,97.96,7538308.0,715724653.06,1.0,1.63194,159.864842,1.63194,159.864842,0.04619231099182568
US,ALAB,2025-06-27,97.61,97.94,89.98,91.02,97.61,97.94,89.98,91.02,10062400.0,947249180.0,1.0,1.63194,148.539179,1.63194,148.539179,0.06165912962486366
US,ALAB,2025-06-30,92.25,93.98,89.7,90.42,92.25,93.98,89.7,90.42,3981546.0,364659844.275,1.0,1.63194,147.560015,1.63194,147.560015,0.024397624912680615
US,ALAB,2025-07-01,89.21,91.06,85.85,88.66,89.21,91.06,85.85,88.66,4345049.0,385384121.055,1.0,1.63194,144.6878,1.63194,144.6878,0.0266250536171673
US,ALAB,2025-07-02,88.05,92.68,87.14,88.57,88.05,92.68,87.14,88.57,3756600.0,334750626.0,1.0,1.63194,144.540926,1.63194,144.540926,0.023019228648112063
US,ALAB,2025-07-03,89.86,93.17,89.0,90.8,89.86,93.17,89.0,90.8,2438903.0,221226793.8725,1.0,1.63194,148.180152,1.63194,148.180152,0.014944808019902693
US,ALAB,2025-07-07,90.23,91.28,89.15,89.62,90.23,91.28,89.15,89.62,2707900.0,243900553.0,1.0,1.63194,146.254463,1.63194,146.254463,0.016593134551515374
US,ALAB,2025-07-08,90.06,93.45,90.06,92.3,90.06,93.45,90.06,92.3,3590919.0,328452383.6325,1.0,1.63194,150.628062,1.63194,150.628062,0.022003989117246957
US,ALAB,2025-07-09,94.0,100.21,93.53,99.86,94.0,100.21,93.53,99.86,5640300.0,546545070.0,1.0,1.63194,162.965528,1.63194,162.965528,0.034561932423986176
US,ALAB,2025-07-10,103.21,103.5,92.8,97.02,103.21,103.5,92.8,97.02,6415396.0,635974243.97,1.0,1.63194,158.330819,1.63194,158.330819,0.03931146978442835
US,ALAB,2025-07-11,96.0,99.56,95.22,95.9,96.0,99.56,95.22,95.9,2883800.0,278776946.0,1.0,1.63194,156.503046,1.63194,156.503046,0.01767099280610807
US,ALAB,2025-07-14,95.01,95.4,88.19,90.32,95.01,95.4,88.19,90.32,5518400.0,508962032.0,1.0,1.63194,147.396821,1.63194,147.396821,0.0338149686875743
US,ALAB,2025-07-15,94.09,94.14,90.59,92.36,94.09,94.14,90.59,92.36,3086000.0,286365370.0,1.0,1.63194,150.725978,1.63194,150.725978,0.018910008946407344
US,ALAB,2025-07-16,92.48,93.18,88.73,91.94,92.48,93.18,88.73,91.94,3659100.0,335109525.75,1.0,1.63194,150.040564,1.63194,150.040564,0.022421780212507812
US,ALAB,2025-07-17,92.3,99.14,90.9,97.95,92.3,99.14,90.9,97.95,5308518.0,504694077.555,1.0,1.63194,159.848523,1.63194,159.848523,0.03252887973822567
US,ALAB,2025-07-18,99.79,103.99,96.79,102.13,99.79,103.99,96.79,102.13,5569337.0,560693002.475,1.0,1.63194,166.670032,1.63194,166.670032,0.03412709413336275
US,ALAB,2025-07-21,110.78,124.21,110.67,121.89,110.78,124.21,110.67,121.89,14105748.0,1648785619.35,1.0,1.63194,198.917167,1.63194,198.917167,0.08643545718592595
US,ALAB,2025-07-22,116.0,118.0,107.64,116.91,116.0,118.0,107.64,116.91,7687400.0,881264317.5,1.0,1.63194,190.790105,1.63194,190.790105,0.04710589850117038
US,ALAB,2025-07-23,119.95,125.45,116.01,119.48,119.95,125.45,116.01,119.48,6306000.0,758123085.0,1.0,1.63194,194.984191,1.63194,194.984191,0.03864112651200412
US,ALAB,2025-07-24,121.01,122.93,118.15,121.68,121.01,122.93,118.15,121.68,3316833.0,401146075.1025,1.0,1.63194,198.574459,1.63194,198.574459,0.020324478841133864
US,ALAB,2025-07-25,120.61,123.61,120.11,122.23,120.61,123.61,120.11,122.23,2648330.0,322142861.2,1.0,1.63194,199.472026,1.63194,199.472026,0.016228108876551833
US,ALAB,2025-07-28,126.17,129.5,121.76,124.05,126.17,129.5,121.76,124.05,4654834.0,583576538.58,1.0,1.63194,202.442157,1.63194,202.442157,0.028523315808179222
US,ALAB,2025-07-29,124.87,125.8,116.51,118.41,124.87,125.8,116.51,118.41,6874400.0,834534974.0,1.0,1.63194,193.238015,1.63194,193.238015,0.04212409769967033
US,ALAB,2025-07-30,121.68,130.78,120.98,128.87,121.68,130.78,120.98,128.87,7972700.0,1001191734.25,1.0,1.63194,210.308108,1.63194,210.308108,0.04885412453889236
US,ALAB,2025-07-31,132.11,143.15,131.8,136.73,132.11,143.15,131.8,136.73,8339804.0,1133775504.29,1.0,1.63194,223.135156,1.63194,223.135156,0.051103619005600696
US,ALAB,2025-08-01,126.57,134.11,124.02,131.1,126.57,134.11,124.02,131.1,6940300.0,894951685.0,1.0,1.63194,213.947334,1.63194,213.947334,0.04252791156537618
US,ALAB,2025-08-04,137.23,142.46,135.0,137.93,137.23,142.46,135.0,137.93,5934100.0,819825585.5,1.0,1.65428,228.17484,1.65428,228.17484,0.035871194719152746
US,ALAB,2025-08-05,138.86,142.23,134.21,135.54,138.86,142.23,134.21,135.54,6941118.0,955861359.78,1.0,1.65428,224.221111,1.65428,224.221111,0.04195854389825181
US,ALAB,2025-08-06,164.99,183.62,160.47,174.39,164.99,183.62,160.47,174.39,17234708.0,2944851469.19,1.0,1.65428,288.489889,1.65428,288.489889,0.10418253258215054
US,ALAB,2025-08-07,175.0,175.5,165.13,170.89,175.0,175.5,165.13,170.89,8765728.0,1504461896.64,1.0,1.65428,282.699909,1.65428,282.699909,0.052988176124960706
US,ALAB,2025-08-08,170.01,180.67,169.47,179.28,170.01,180.67,169.47,179.28,7065300.0,1235420694.75,1.0,1.65428,296.579318,1.65428,296.579318,0.04270921488502551
US,ALAB,2025-08-11,179.11,185.75,175.6,179.43,179.11,185.75,175.6,179.43,4769126.0,858311529.035,1.0,1.65428,296.82746,1.65428,296.82746,0.028829013226297846
US,ALAB,2025-08-12,180.91,193.77,180.62,192.0,180.91,193.77,180.62,192.0,7072602.0,1321338868.65,1.0,1.65428,317.62176,1.65428,317.62176,0.04275335493386851
US,ALAB,2025-08-13,193.66,199.47,186.02,193.64,193.66,199.47,186.02,193.64,4835000.0,934109912.5,1.0,1.65428,320.334779,1.65428,320.334779,0.029227216674323573
US,ALAB,2025-08-14,187.0,192.37,185.61,190.69,187.0,192.37,185.61,190.69,4518900.0,853699290.75,1.0,1.65428,315.454653,1.65428,315.454653,0.027316415600744735
US,ALAB,2025-08-15,185.0,187.29,181.0,185.85,185.0,187.29,181.0,185.85,4143413.0,765640571.205,1.0,1.65428,307.447938,1.65428,307.447938,0.025046624513383468
US,ALAB,2025-08-18,183.96,187.18,176.0,186.43,183.96,187.18,176.0,186.43,4705100.0,862880051.75,1.0,1.65428,308.40742,1.65428,308.40742,0.028441980801315377
US,ALAB,2025-08-19,183.99,185.34,170.0,171.06,183.99,185.34,170.0,171.06,5361200.0,952135717.0,1.0,1.65428,282.981137,1.65428,282.981137,0.032408056677225135
US,ALAB,2025-08-20,168.0,172.8,161.39,172.45,168.0,172.8,161.39,172.45,5902644.0,995539937.04,1.0,1.65428,285.280586,1.65428,285.280586,0.035681045530381796
US,ALAB,2025-08-21,173.9,180.47,171.85,177.53,173.9,180.47,171.85,177.53,4750722.0,835830151.875,1.0,1.65428,293.684328,1.65428,293.684328,0.028717762410232852
US,ALAB,2025-08-22,175.88,186.18,174.58,179.09,175.88,186.18,174.58,179.09,4006526.0,716897713.495,1.0,1.65428,296.265005,1.65428,296.265005,0.02421915274318737
US,ALAB,2025-08-25,177.97,179.1,172.01,174.15,177.97,179.1,172.01,174.15,3580608.0,629497740.96,1.0,1.65428,288.092862,1.65428,288.092862,0.021644509998307422
US,ALAB,2025-08-26,174.5,180.91,174.15,178.56,174.5,180.91,174.15,178.56,2859200.0,506164176.0,1.0,1.65428,295.388237,1.65428,295.388237,0.017283652102425225
US,ALAB,2025-08-27,183.15,184.49,176.03,179.2,183.15,184.49,176.03,179.2,2543439.0,459643937.4825,1.0,1.65428,296.446976,1.65428,296.446976,0.015374900258722828
US,ALAB,2025-08-28,182.5,191.29,182.35,189.15,182.5,191.29,182.35,189.15,4732500.0,881771231.25,1.0,1.65428,312.907062,1.65428,312.907062,0.028607611770679692
US,ALAB,2025-08-29,189.15,189.31,178.56,182.2,189.15,189.31,178.56,182.2,3750400.0,693092672.0,1.0,1.65428,301.409816,1.65428,301.409816,0.022670890054887927
US,ALAB,2025-09-02,177.13,180.7,167.5,174.24,177.13,180.7,167.5,174.24,5872300.0,1027021227.75,1.0,1.65428,288.241747,1.65428,288.241747,0.03549761829919965
US,ALAB,2025-09-03,174.77,179.99,172.5,176.61,174.77,179.99,172.5,176.61,3227700.0,567970299.75,1.0,1.65428,292.162391,1.65428,292.162391,0.019511207292598594
US,ALAB,2025-09-04,178.9,188.05,174.51,187.95,178.9,188.05,174.51,187.95,7121114.0,1298552940.685,1.0,1.65428,310.921926,1.65428,310.921926,0.0430466063786058
US,ALAB,2025-09-05,194.5,197.37,184.0,191.2,194.5,197.37,184.0,191.2,6502946.0,1247053697.055,1.0,1.65428,316.298336,1.65428,316.298336,0.0393098266315255
US,ALAB,2025-09-08,194.7,220.69,194.01,216.1,194.7,220.69,194.01,216.1,9797800.0,2022020975.0,1.0,1.65428,357.489908,1.65428,357.489908,0.05922697487728801
US,ALAB,2025-09-09,213.31,217.92,208.28,214.49,213.31,217.92,208.28,214.49,4669700.0,996980950.0,1.0,1.65428,354.826517,1.65428,354.826517,0.028227990424837392
US,ALAB,2025-09-10,225.44,230.88,217.0,230.37,225.44,230.88,217.0,230.37,6204624.0,1401764165.64,1.0,1.65428,381.096484,1.65428,381.096484,0.03750649225040501
US,ALAB,2025-09-11,233.74,237.82,228.51,232.9,233.74,237.82,228.51,232.9,4051927.0,945081583.2975,1.0,1.65428,385.281812,1.65428,385.281812,0.024493598423483327
US,ALAB,2025-09-12,233.0,234.77,226.0,229.5,233.0,234.77,226.0,229.5,3699000.0,853793932.5,1.0,1.65428,379.65726,1.65428,379.65726,0.022360180864182604
US,ALAB,2025-09-15,229.0,235.88,226.2,231.29,229.0,235.88,226.2,231.29,3254200.0,750394113.5,1.0,1.65428,382.618421,1.65428,382.618421,0.01967139782866262
US,ALAB,2025-09-16,232.89,241.29,231.99,238.79,232.89,241.29,231.99,238.79,4370701.0,1032534404.24,1.0,1.65428,395.025521,1.65428,395.025521,0.02642056362888991
US,ALAB,2025-09-17,244.23,252.6,236.36,249.38,244.23,252.6,236.36,249.38,5925315.0,1455509189.8875,1.0,1.65428,412.544346,1.65428,412.544346,0.03581809004521604
US,ALAB,2025-09-18,255.0,262.9,244.05,251.88,255.0,262.9,244.05,251.88,6183806.0,1567332009.245,1.0,1.65428,416.680046,1.65428,416.680046,0.03738064898324347
US,ALAB,2025-09-19,245.31,249.61,231.18,245.2,245.31,249.61,231.18,245.2,22438641.0,5448663000.825,1.0,1.65428,405.629456,1.65428,405.629456,0.1356399218995575
US,ALAB,2025-09-22,239.88,243.2,232.0,237.3,239.88,243.2,232.0,237.3,6360511.0,1514405866.545,1.0,1.65428,392.560644,1.65428,392.560644,0.03844881761249607
US,ALAB,2025-09-23,236.49,236.49,219.25,230.11,236.49,236.49,219.25,230.11,6143600.0,1416622006.0,1.0,1.65428,380.666371,1.65428,380.666371,0.037137606692941943
US,ALAB,2025-09-24,212.0,213.69,195.68,205.27,212.0,213.69,195.68,205.27,13345541.0,2757989503.06,1.0,1.65428,339.574056,1.65428,339.574056,0.08067280629639481
US,ALAB,2025-09-25,192.55,205.17,191.66,200.64,192.55,205.17,191.66,200.64,6227743.0,1230010381.215,1.0,1.65428,331.914739,1.65428,331.914739,0.03764624489203763
US,ALAB,2025-09-26,200.54,201.99,193.25,197.78,200.54,201.99,193.25,197.78,3317839.0,658226079.21,1.0,1.65428,327.183498,1.65428,327.183498,0.020056090867325967
US,ALAB,2025-09-29,208.22,209.54,198.29,198.8,208.22,209.54,198.29,198.8,4092218.0,833635959.325,1.0,1.65428,328.870864,1.65428,328.870864,0.02473715453248543
US,ALAB,2025-09-30,200.69,205.4,189.28,195.8,200.69,205.4,189.28,195.8,5498605.0,1087582829.4625,1.0,1.65428,323.908024,1.65428,323.908024,0.033238659719031845
US,ALAB,2025-10-01,191.79,195.88,186.12,194.5,191.79,195.88,186.12,194.5,4896100.0,940406167.25,1.0,1.65428,321.75746,1.65428,321.75746,0.029596561646154217
US,ALAB,2025-10-02,200.0,211.69,198.2,209.6,200.0,211.69,198.2,209.6,6604137.0,1353006057.5325,1.0,1.65428,346.737088,1.65428,346.737088,0.0399215187271804
US,ALAB,2025-10-03,212.5,214.29,198.28,200.74,212.5,214.29,198.28,200.74,5188100.0,1071096215.25,1.0,1.65428,332.080167,1.65428,332.080167,0.03136168000580313
US,ALAB,2025-10-06,228.56,232.0,217.0,220.81,228.56,232.0,217.0,220.81,8726006.0,1959795502.555,1.0,1.65428,365.281567,1.65428,365.281567,0.052748059578789565
US,ALAB,2025-10-07,221.11,224.12,205.92,212.1,221.11,224.12,205.92,212.1,4777100.0,1030957893.75,1.0,1.65428,350.872788,1.65428,350.872788,0.028877215465338394
US,ALAB,2025-10-08,214.74,219.68,211.34,219.36,214.74,219.68,211.34,219.36,3672400.0,794266672.0,1.0,1.65428,362.882861,1.65428,362.882861,0.022199385835529658
US,ALAB,2025-10-09,222.0,229.75,219.15,225.43,222.0,229.75,219.15,225.43,4635500.0,1038734428.75,1.0,1.65428,372.92434,1.65428,372.92434,0.028021253959426458
US,ALAB,2025-10-10,226.17,230.0,205.82,206.21,226.17,230.0,205.82,206.21,6984434.0,1515971399.7,1.0,1.65428,341.129079,1.65428,341.129079,0.042220385908068765
US,ALAB,2025-10-13,214.47,216.27,196.0,199.53,214.47,216.27,196.0,199.53,7648900.0,1580014150.75,1.0,1.65428,330.078488,1.65428,330.078488,0.046237033633967646
US,ALAB,2025-10-14,183.84,184.0,160.12,161.55,183.84,184.0,160.12,161.55,17592500.0,3032551168.75,1.0,1.65428,267.248934,1.65428,267.248934,0.10634535870590227
US,ALAB,2025-10-15,170.57,170.58,158.35,161.47,170.57,170.58,158.35,161.47,7563340.0,1249785209.95,1.0,1.65428,267.116592,1.65428,267.116592,0.04571982977488696
US,ALAB,2025-10-16,163.96,167.41,159.8,163.55,163.96,167.41,159.8,163.55,6249700.0,1022950896.0,1.0,1.65428,270.557494,1.65428,270.557494,0.037778973329786976
US,ALAB,2025-10-17,159.63,160.27,154.5,159.8,159.63,160.27,154.5,159.8,5850400.0,927580920.0,1.0,1.65428,264.353944,1.65428,264.353944,0.035365234422225986
US,ALAB,2025-10-20,155.01,159.75,153.4,156.31,155.01,159.75,153.4,156.31,5762707.0,899659410.0725,1.0,1.65428,258.580507,1.65428,258.580507,0.03483513673622361
US,ALAB,2025-10-21,154.5,161.2,150.33,157.51,154.5,161.2,150.33,157.51,4556805.0,710337547.425,1.0,1.65428,260.565643,1.65428,260.565643,0.02754554851657519
US,ALAB,2025-10-22,153.86,158.27,148.51,154.85,153.86,158.27,148.51,154.85,5274137.0,811544645.5325,1.0,1.65428,256.165258,1.65428,256.165258,0.031881767294532966
US,ALAB,2025-10-23,154.89,166.33,154.89,163.64,154.89,166.33,154.89,163.64,5211831.0,833567220.5625,1.0,1.65428,270.706379,1.65428,270.706379,0.031505132142079936
US,ALAB,2025-10-24,167.6,170.2,164.34,164.97,167.6,170.2,164.34,164.97,4528104.0,755185864.86,1.0,1.65428,272.906572,1.65428,272.906572,0.02737205309862901
US,ALAB,2025-10-27,171.0,174.23,168.0,170.28,171.0,174.23,168.0,170.28,3950306.0,675018413.515,1.0,1.65428,281.690798,1.65428,281.690798,0.023879307009696062
US,ALAB,2025-10-28,172.0,174.93,166.73,168.25,172.0,174.93,166.73,168.25,2931104.0,499687282.16,1.0,1.65428,278.33261,1.65428,278.33261,0.017718306453562878
US,ALAB,2025-10-29,171.0,175.5,169.5,173.62,171.0,175.5,169.5,173.62,3182900.0,548747874.5,1.0,1.65428,287.216094,1.65428,287.216094,0.019240394612762047
US,ALAB,2025-10-30,168.01,175.64,167.42,169.55,168.01,175.64,167.42,169.55,3084501.0,524843267.655,1.0,1.65428,280.483174,1.65428,280.483174,0.01864557995018981
US,ALAB,2025-10-31,181.5,201.86,181.0,186.68,181.5,201.86,181.0,186.68,9392300.0,1763498248.0,1.0,1.65428,308.82099,1.65428,308.82099,0.05677575742921392
US,ALAB,2025-11-03,191.39,198.24,187.5,191.56,191.39,198.24,187.5,191.56,6035634.0,1159882874.865,1.0,1.67436,320.740402,1.67436,320.740402,0.03604740915932057
US,ALAB,2025-11-04,181.37,193.21,179.31,179.31,181.37,193.21,179.31,179.31,8955949.0,1641625451.7,1.0,1.67436,300.229492,1.67436,300.229492,0.05348878974653002
US,ALAB,2025-11-05,184.08,191.4,172.72,181.94,184.08,191.4,172.72,181.94,9339600.0,1704803886.0,1.0,1.67436,304.633058,1.67436,304.633058,0.05578011897083065
US,ALAB,2025-11-06,181.72,184.0,162.38,162.83,181.72,184.0,162.38,162.83,6767600.0,1168984467.0,1.0,1.67436,272.636039,1.67436,272.636039,0.040419025777013305
US,ALAB,2025-11-07,157.12,165.5,151.61,165.49,157.12,165.5,151.61,165.49,6400438.0,1023622049.34,1.0,1.67436,277.089836,1.67436,277.089836,0.038226175971714564
US,ALAB,2025-11-10,173.0,176.8,167.55,173.74,173.0,176.8,167.55,173.74,4846607.0,837360407.9075,1.0,1.67436,290.903306,1.67436,290.903306,0.028946027138727633
US,ALAB,2025-11-11,170.06,174.37,166.54,167.55,170.06,174.37,166.54,167.55,3254700.0,552094761.0,1.0,1.67436,280.539018,1.67436,280.539018,0.019438472013187127
US,ALAB,2025-11-12,167.76,167.96,153.95,157.79,167.76,167.96,153.95,157.79,5811900.0,940743193.5,1.0,1.67436,264.197264,1.67436,264.197264,0.03471117322439619
US,ALAB,2025-11-13,154.99,155.07,137.91,144.47,154.99,155.07,137.91,144.47,7824639.0,1158907282.29,1.0,1.67436,241.894789,1.67436,241.894789,0.0467321185408156
US,ALAB,2025-11-14,139.23,151.4,136.64,144.34,139.23,151.4,136.64,144.34,5697400.0,814172703.5,1.0,1.67436,241.677122,1.67436,241.677122,0.03402732984543348
US,ALAB,2025-11-17,145.38,147.49,137.43,141.39,145.38,147.49,137.43,141.39,5409946.0,773203007.185,1.0,1.67436,236.73776,1.67436,236.73776,0.0323105305907929
US,ALAB,2025-11-18,138.1,144.05,136.81,139.52,138.1,144.05,136.81,139.52,4069808.0,568226592.96,1.0,1.67436,233.606707,1.67436,233.606707,0.024306648510475645
US,ALAB,2025-11-19,139.53,144.71,137.8,142.01,139.53,144.71,137.8,142.01,4224906.0,595764557.325,1.0,1.67436,237.775864,1.67436,237.775864,0.025232960653622877
US,ALAB,2025-11-20,154.48,160.77,137.55,139.29,154.48,160.77,137.55,139.29,10310831.0,1526234981.6975,1.0,1.67436,233.221604,1.67436,233.221604,0.06158072935330514
US,ALAB,2025-11-21,138.6,143.92,131.42,141.8,138.6,143.92,131.42,141.8,6831400.0,949120559.0,1.0,1.67436,237.424248,1.67436,237.424248,0.04080006689123008
US,ALAB,2025-11-24,145.73,151.61,145.0,147.75,145.73,151.61,145.0,147.75,13436500.0,1982186071.25,1.0,1.67436,247.38669,1.67436,247.38669,0.0802485725889295
US,ALAB,2025-11-25,143.51,145.34,136.54,144.78,143.51,145.34,136.54,144.78,4269000.0,608513932.5,1.0,1.67436,242.413841,1.67436,242.413841,0.02549630903748298
US,ALAB,2025-11-26,145.61,156.68,144.04,154.22,145.61,156.68,144.04,154.22,5194214.0,779846304.425,1.0,1.67436,258.219799,1.67436,258.219799,0.031022086050789554
US,ALAB,2025-11-28,157.09,158.42,152.33,157.57,157.09,158.42,152.33,157.57,2422200.0,378717025.5,1.0,1.67436,263.828905,1.67436,263.828905,0.014466422991471368
US,ALAB,2025-12-01,155.62,173.2,152.81,165.19,155.62,173.2,152.81,165.19,7596023.0,1228314899.215,1.0,1.67436,276.587528,1.67436,276.587528,0.045366725196492985
US,ALAB,2025-12-02,172.31,182.53,142.51,142.94,172.31,182.53,142.51,142.94,17797300.0,2848858304.25,1.0,1.67436,239.333018,1.67436,239.333018,0.10629315081583411
US,ALAB,2025-12-03,150.32,153.6,144.67,152.5,150.32,153.6,144.67,152.5,7766128.0,1167035469.88,1.0,1.67436,255.3399,1.67436,255.3399,0.046382665615518764
US,ALAB,2025-12-04,150.99,154.0,147.0,152.51,150.99,154.0,147.0,152.51,3813700.0,576345412.5,1.0,1.67436,255.356644,1.67436,255.356644,0.0227770610860269
US,ALAB,2025-12-05,154.85,163.12,154.14,161.23,154.85,163.12,154.14,161.23,4414100.0,698906523.5,1.0,1.67436,269.957063,1.67436,269.957063,0.026362908812919562
US,ALAB,2025-12-08,162.9,176.65,161.55,175.74,162.9,176.65,161.55,175.74,8033311.0,1359316554.31,1.0,1.67436,294.252026,1.67436,294.252026,0.04797839771614229
US,ALAB,2025-12-09,164.09,171.71,163.51,167.08,164.09,171.71,163.51,167.08,5018901.0,836136359.3475,1.0,1.67436,279.752069,1.67436,279.752069,0.029975041209775677
US,ALAB,2025-12-10,166.57,167.2,162.61,164.32,166.57,167.2,162.61,164.32,2947510.0,486854964.25,1.0,1.67436,275.130835,1.67436,275.130835,0.017603800855252157
US,ALAB,2025-12-11,161.63,174.4,153.25,173.7,161.63,174.4,153.25,173.7,5541100.0,918409619.5,1.0,1.67436,290.836332,1.67436,290.836332,0.03309383883991495
US,ALAB,2025-12-12,172.49,172.49,146.88,148.85,172.49,172.49,146.88,148.85,10324300.0,1653720563.25,1.0,1.67436,249.228486,1.67436,249.228486,0.061661172029909936
US,ALAB,2025-12-15,150.5,152.19,143.08,143.66,150.5,152.19,143.08,143.66,5503006.0,810909206.645,1.0,1.67436,240.538558,1.67436,240.538558,0.03286632504359875
US,ALAB,2025-12-16,141.55,147.25,140.61,144.94,141.55,147.25,140.61,144.94,3551046.0,509885817.525,1.0,1.67436,242.681738,1.67436,242.681738,0.021208378126567763
US,ALAB,2025-12-17,149.77,152.76,140.1,140.24,149.77,152.76,140.1,140.24,4513504.0,657696519.12,1.0,1.67436,234.812246,1.67436,234.812246,0.026956592369621824
US,ALAB,2025-12-18,144.99,148.88,143.68,145.88,144.99,148.88,143.68,145.88,3374745.0,492231868.8375,1.0,1.67436,244.255637,1.67436,244.255637,0.020155432523471656
US,ALAB,2025-12-19,145.96,166.93,145.96,164.4,145.96,166.93,145.96,164.4,9627023.0,1500010521.1875,1.0,1.67436,275.264784,1.67436,275.264784,0.057496733080102246
US,ALAB,2025-12-22,166.92,175.39,166.51,172.62,166.92,175.39,166.51,172.62,4824700.0,821935892.0,1.0,1.67436,289.028023,1.67436,289.028023,0.028815189087173607
US,ALAB,2025-12-23,166.75,171.83,164.55,168.83,166.75,171.83,164.55,168.83,2505700.0,420932543.0,1.0,1.67436,282.682199,1.67436,282.682199,0.014965121001457273
US,ALAB,2025-12-24,169.02,172.33,167.52,169.97,169.02,172.33,167.52,169.97,1280000.0,217228800.0,1.0,1.67436,284.590969,1.67436,284.590969,0.0076447120093647725
US,ALAB,2025-12-26,172.13,172.88,166.1,167.26,172.13,172.88,166.1,167.26,2089530.0,354368616.525,1.0,1.67436,280.053454,1.67436,280.053454,0.012479574285099979
US,ALAB,2025-12-29,163.85,170.61,160.8,170.11,163.85,170.61,160.8,170.11,1939526.0,322625603.655,1.0,1.67436,284.82538,1.67436,284.82538,0.011583685706777515
US,ALAB,2025-12-30,170.52,175.98,167.5,170.84,170.52,175.98,167.5,170.84,2401600.0,411177936.0,1.0,1.67436,286.047662,1.67436,286.047662,0.014343390907570653
US,ALAB,2025-12-31,170.5,174.22,166.3,166.36,170.5,174.22,166.3,166.36,2438509.0,412949306.605,1.0,1.67436,278.54653,1.67436,278.54653,0.014563827372846939
US,ALAB,2026-01-02,171.69,182.9,171.69,179.56,171.69,182.9,171.69,179.56,5658900.0,998569494.0,1.0,1.67436,300.648082,1.67436,300.648082,0.033797391242026804
US,ALAB,2026-01-05,184.98,185.18,162.53,167.11,184.98,185.18,162.53,167.11,7579649.0,1326059592.55,1.0,1.67436,279.8023,1.67436,279.8023,0.04526893260708569
US,ALAB,2026-01-06,166.51,166.89,151.1,161.01,166.51,166.89,151.1,161.01,8028800.0,1295667672.0,1.0,1.67436,269.588704,1.67436,269.588704,0.04795145607874053
US,ALAB,2026-01-07,158.0,168.49,153.2,165.77,158.0,168.49,153.2,165.77,5045900.0,814231653.5,1.0,1.67436,277.558657,1.67436,277.558657,0.030136290881291956
US,ALAB,2026-01-08,164.97,167.8,155.55,156.73,164.97,167.8,155.55,156.73,3936021.0,634732586.5125,1.0,1.67436,262.422443,1.67436,262.422443,0.02350761484985308
US,ALAB,2026-01-09,158.06,164.5,155.64,162.61,158.06,164.5,155.64,162.61,4093700.0,655820974.25,1.0,1.67436,272.26768,1.67436,272.26768,0.024449341838075445
US,ALAB,2026-01-12,160.44,175.8,160.25,172.57,160.44,175.8,160.25,172.57,4439129.0,742510912.185,1.0,1.67436,288.944305,1.67436,288.944305,0.02651239279485893
US,ALAB,2026-01-13,175.0,183.5,172.8,180.56,175.0,183.5,172.8,180.56,4457103.0,793208335.395,1.0,1.67436,302.322442,1.67436,302.322442,0.026619741274277933
US,ALAB,2026-01-14,176.05,176.05,167.1,172.14,176.05,176.05,167.1,172.14,3622807.0,626147847.845,1.0,1.67436,288.22433,1.67436,288.22433,0.021636965766024033
US,ALAB,2026-01-15,176.61,180.66,170.46,174.45,176.61,180.66,170.46,174.45,3906835.0,685825350.075,1.0,1.67436,292.092102,1.67436,292.092102,0.02333330347117705
US,ALAB,2026-01-16,179.09,188.0,177.71,182.0,179.09,188.0,177.71,182.0,5422800.0,985322760.0,1.0,1.67436,304.73352,1.67436,304.73352,0.03238730022217444
US,ALAB,2026-01-20,173.37,189.8,173.02,183.75,173.37,189.8,173.02,183.75,5298300.0,953614525.5,1.0,1.67436,307.66365,1.67436,307.66365,0.031643732530638576
US,ALAB,2026-01-21,184.88,184.88,165.3,176.01,184.88,184.88,165.3,176.01,6687300.0,1188784602.75,1.0,1.67436,294.704104,1.67436,294.704104,0.039939439547050815
US,ALAB,2026-01-22,180.6,182.01,170.54,176.35,180.6,182.01,170.54,176.35,4011429.0,711527218.875,1.0,1.67436,295.273386,1.67436,295.273386,0.02395798394610478
US,ALAB,2026-01-23,177.22,178.0,163.53,169.66,177.22,178.0,163.53,169.66,6106400.0,1050926706.0,1.0,1.67436,284.071918,1.67436,284.071918,0.036470054229675815
US,ALAB,2026-01-26,168.13,173.52,162.73,163.25,168.13,173.52,162.73,163.25,4026921.0,672123316.8075,1.0,1.67436,273.33927,1.67436,273.33927,0.024050508851143123
US,ALAB,2026-01-27,164.36,171.69,160.98,170.93,164.36,171.69,160.98,170.93,3385333.0,565316757.67,1.0,1.67436,286.198355,1.67436,286.198355,0.02021866862562412
US,ALAB,2026-01-28,172.48,176.68,165.37,167.9,172.48,176.68,165.37,167.9,3801200.0,648513229.0,1.0,1.67436,281.125044,1.67436,281.125044,0.022702405695310447
US,ALAB,2026-01-29,166.6,167.3,154.05,160.46,166.6,167.3,154.05,160.46,4376600.0,709457801.5,1.0,1.67436,268.667806,1.67436,268.667806,0.026138942640770206
US,ALAB,2026-01-30,158.81,161.17,149.13,150.62,158.81,161.17,149.13,150.62,4281200.0,663297019.0,1.0,1.67436,252.192103,1.67436,252.192103,0.025569172698822237
US,ALAB,2026-02-02,148.0,153.64,146.76,152.44,148.0,153.64,146.76,152.44,3132600.0,470547846.0,1.0,1.67436,255.239438,1.67436,255.239438,0.018709238156668816
US,ALAB,2026-02-03,155.78,163.0,150.5,158.52,155.78,163.0,150.5,158.52,5290000.0,830265500.0,1.0,1.67436,265.419547,1.67436,265.419547,0.03159416135120285
US,ALAB,2026-02-04,158.5,159.5,141.44,144.67,158.5,159.5,141.44,144.67,5743600.0,867441549.0,1.0,1.67436,242.229661,1.67436,242.229661,0.03430325616952149
US,ALAB,2026-02-05,140.01,145.65,137.5,142.82,140.01,145.65,137.5,142.82,4476900.0,633458965.5,1.0,1.67436,239.132095,1.67436,239.132095,0.02673797749587902
US,ALAB,2026-02-06,152.43,170.01,151.42,169.85,152.43,170.01,151.42,169.85,7290600.0,1173258031.5,1.0,1.67436,284.390046,1.67436,284.390046,0.04354260732458969
US,ALAB,2026-02-09,169.58,188.43,169.0,187.67,169.58,188.43,169.0,187.67,7420600.0,1325838602.0,1.0,1.69505,318.110033,1.69505,318.110033,0.04377805964425828
US,ALAB,2026-02-10,191.61,192.86,181.01,182.86,191.61,192.86,181.01,182.86,8429920.0,1577111583.2,1.0,1.69505,309.956843,1.69505,309.956843,0.0497325742603463
US,ALAB,2026-02-11,160.76,162.0,141.66,143.71,160.76,162.0,141.66,143.71,16419400.0,2496282430.5,1.0,1.69505,243.595635,1.69505,243.595635,0.09686675909265213
US,ALAB,2026-02-12,146.08,148.8,126.05,126.58,146.08,148.8,126.05,126.58,11444101.0,1566439934.6275,1.0,1.69505,214.559429,1.69505,214.559429,0.06751482847113655
US,ALAB,2026-02-13,128.0,133.29,122.57,129.32,128.0,133.29,122.57,129.32,7735830.0,992468309.85,1.0,1.69505,219.203866,1.69505,219.203866,0.04563776879738061
US,ALAB,2026-02-17,126.34,126.65,117.41,123.69,126.34,126.65,117.41,123.69,7105700.0,877713828.25,1.0,1.69505,209.660734,1.69505,209.660734,0.04192029733636176
US,ALAB,2026-02-18,124.56,131.67,122.81,129.58,124.56,131.67,122.81,129.58,4355200.0,553785456.0,1.0,1.69505,219.644579,1.69505,219.644579,0.02569363735583021
US,ALAB,2026-02-19,128.7,133.2,127.4,132.62,128.7,133.2,127.4,132.62,2904600.0,378992208.0,1.0,1.69505,224.797531,1.69505,224.797531,0.0171357777056724
US,ALAB,2026-02-20,130.31,135.2,128.26,129.68,130.31,135.2,128.26,129.68,3644406.0,476916080.175,1.0,1.69505,219.814084,1.69505,219.814084,0.021500286127252882
US,ALAB,2026-02-23,127.23,128.56,123.45,128.24,127.23,128.56,123.45,128.24,3023600.0,383604132.0,1.0,1.69505,217.373212,1.69505,217.373212,0.017837821893159495
US,ALAB,2026-02-24,129.69,131.48,126.5,128.4,129.69,131.48,126.5,128.4,2894034.0,373381031.595,1.0,1.69505,217.64442,1.69505,217.64442,0.01707344326126073
US,ALAB,2026-02-25,128.25,129.0,121.74,128.15,128.25,129.0,121.74,128.15,5330335.0,675806522.975,1.0,1.69505,217.220657,1.69505,217.220657,0.031446476505117844
US,ALAB,2026-02-26,126.8,127.29,120.96,124.67,126.8,127.29,120.96,124.67,3800714.0,474823200.02,1.0,1.69505,211.321884,1.69505,211.321884,0.02242243001681366
US,ALAB,2026-02-27,122.66,124.0,117.5,118.83,122.66,124.0,117.5,118.83,5156509.0,622635570.4775,1.0,1.69505,201.422791,1.69505,201.422791,0.030420984631721777
US,ALAB,2026-03-02,112.97,121.34,112.13,120.55,112.97,121.34,112.13,120.55,4652138.0,543125481.155,1.0,1.69505,204.338278,1.69505,204.338278,0.027445432288133093
US,ALAB,2026-03-03,115.02,115.24,107.08,109.8,115.02,115.24,107.08,109.8,5896200.0,659106717.0,1.0,1.69505,186.11649,1.69505,186.11649,0.03478481460723872
US,ALAB,2026-03-04,111.93,116.71,109.2,113.77,111.93,116.71,109.2,113.77,5440146.0,614206083.765,1.0,1.69505,192.845839,1.69505,192.845839,0.03209430990236276
US,ALAB,2026-03-05,119.54,124.19,117.38,120.0,119.54,124.19,117.38,120.0,6441232.0,774735281.88,1.0,1.69505,203.406,1.69505,203.406,0.03800024778030146
US,ALAB,2026-03-06,116.86,124.45,115.67,119.2,116.86,124.45,115.67,119.2,4434000.0,527845530.0,1.0,1.69505,202.04996,1.69505,202.04996,0.02615852039762839
US,ALAB,2026-03-09,115.73,122.34,111.76,122.31,115.73,122.34,111.76,122.31,5939900.0,701116096.5,1.0,1.69505,207.321565,1.69505,207.321565,0.03504262411138315
US,ALAB,2026-03-10,122.02,123.0,115.83,116.48,122.02,123.0,115.83,116.48,4284947.0,511333437.8775,1.0,1.69505,197.439424,1.69505,197.439424,0.02527917760538037
US,ALAB,2026-03-11,116.0,128.15,116.0,124.71,116.0,128.15,116.0,124.71,5401700.0,654767065.5,1.0,1.69505,211.389686,1.69505,211.389686,0.03186749653402555
US,ALAB,2026-03-12,123.11,124.3,118.05,119.9,123.11,124.3,118.05,119.9,3620717.0,439337800.78,1.0,1.69505,203.236495,1.69505,203.236495,0.021360532137695055
US,ALAB,2026-03-13,121.28,123.15,117.26,120.31,121.28,123.15,117.26,120.31,3447100.0,415375550.0,1.0,1.69505,203.931466,1.69505,203.931466,0.02033627326627533
US,ALAB,2026-03-16,123.0,130.14,122.48,127.48,123.0,130.14,122.48,127.48,4610400.0,579873060.0,1.0,1.69505,216.084974,1.69505,216.084974,0.02719919766378573
US,ALAB,2026-03-17,130.0,135.18,124.86,127.57,130.0,135.18,124.86,127.57,5941300.0,768819073.25,1.0,1.69505,216.237528,1.69505,216.237528,0.03505088345476535
US,ALAB,2026-03-18,127.06,129.43,123.01,126.34,127.06,129.43,123.01,126.34,3844915.0,486227950.9,1.0,1.69505,214.152617,1.69505,214.152617,0.022683195185982715
US,ALAB,2026-03-19,123.23,127.43,119.64,126.16,123.23,127.43,119.64,126.16,4170312.0,517598273.88,1.0,1.69505,213.847508,1.69505,213.847508,0.024602884870652784
US,ALAB,2026-03-20,124.39,124.63,114.75,116.04,124.39,124.63,114.75,116.04,8694512.0,1042928450.68,1.0,1.69505,196.693602,1.69505,196.693602,0.05129354296333442
US,ALAB,2026-03-23,117.5,125.1,117.37,123.87,117.5,125.1,117.37,123.87,4051721.0,490096172.16,1.0,1.69505,209.965844,1.69505,209.965844,0.023903253591339487
US,ALAB,2026-03-24,122.54,124.14,118.6,121.76,122.54,124.14,118.6,121.76,2677042.0,325956633.92,1.0,1.69505,206.389288,1.69505,206.389288,0.015793292233267454
US,ALAB,2026-03-25,124.66,126.53,119.33,120.33,124.66,126.53,119.33,120.33,2733340.0,335414984.75,1.0,1.69505,203.965366,1.69505,203.965366,0.01612542402878971
US,ALAB,2026-03-26,117.17,119.84,113.57,113.61,117.17,119.84,113.57,113.61,3102200.0,360002554.5,1.0,1.69505,192.574631,1.69505,192.574631,0.018301525028760212
US,ALAB,2026-03-27,111.0,114.63,110.84,112.47,111.0,114.63,110.84,112.47,2873800.0,322540943.0,1.0,1.69505,190.642273,1.69505,190.642273,0.016954072151263974
US,ALAB,2026-03-30,112.71,113.11,97.89,100.27,112.71,113.11,97.89,100.27,5169641.0,547956097.795,1.0,1.69505,169.962663,1.69505,169.962663,0.030498457272646825
US,ALAB,2026-03-31,100.69,110.44,100.1,109.6,100.69,110.44,100.1,109.6,5104500.0,537031683.75,1.0,1.69505,185.77748,1.69505,185.77748,0.030114155924603994
US,ALAB,2026-04-01,111.21,112.0,105.86,106.33,111.21,112.0,105.86,106.33,4783100.0,520640435.0,1.0,1.69505,180.234667,1.69505,180.234667,0.028218046665290108
US,ALAB,2026-04-02,101.68,117.31,101.53,117.14,101.68,117.31,101.53,117.14,4496109.0,491941766.235,1.0,1.69505,198.558157,1.69505,198.558157,0.026524934367717766
US,ALAB,2026-04-06,116.85,122.47,116.72,117.99,116.85,122.47,116.72,117.99,2726300.0,323086997.25,1.0,1.69505,199.99895,1.69505,199.99895,0.016083891330639213
US,ALAB,2026-04-07,117.28,119.69,114.84,118.99,117.28,119.69,114.84,118.99,4452300.0,524035710.0,1.0,1.69505,201.693999,1.69505,201.693999,0.026266481814695732
US,ALAB,2026-04-08,128.0,130.0,121.92,125.46,128.0,130.0,121.92,125.46,4105900.0,518759935.5,1.0,1.69505,212.660973,1.69505,212.660973,0.024222884280699686
US,ALAB,2026-04-09,125.89,129.68,123.5,129.46,125.89,129.68,123.5,129.46,3766929.0,478899101.0925,1.0,1.69505,219.441173,1.69505,219.441173,0.02222311436240819
US,ALAB,2026-04-10,134.73,151.38,134.52,149.05,134.73,151.38,134.52,149.05,10909515.0,1553733126.3,1.0,1.69505,252.647202,1.69505,252.647202,0.064361021798767
US,ALAB,2026-04-13,152.01,167.39,150.3,166.8,152.01,167.39,150.3,166.8,10035228.0,1596855655.5,1.0,1.69505,282.73434,1.69505,282.73434,0.059203138550485236
US,ALAB,2026-04-14,165.48,171.92,158.5,170.6,165.48,171.92,158.5,170.6,7658900.0,1276164212.5,1.0,1.69505,289.17553,1.69505,289.17553,0.04518391787852866
US,ALAB,2026-04-15,170.89,175.6,165.94,172.09,170.89,175.6,165.94,172.09,5064600.0,866704998.0,1.0,1.69505,291.701154,1.69505,291.701154,0.029878764638211264
US,ALAB,2026-04-16,173.0,173.58,161.05,170.81,173.0,173.58,161.05,170.81,4529234.0,768203378.74,1.0,1.69505,289.531491,1.69505,289.531491,0.026720356331671632
US,ALAB,2026-04-17,173.78,175.05,167.24,174.05,173.78,175.05,167.24,174.05,5165900.0,891272727.0,1.0,1.69505,295.023453,1.69505,295.023453,0.030476387127223385
US,ALAB,2026-04-20,174.4,176.97,168.2,175.8,174.4,176.97,168.2,175.8,4180500.0,726748571.25,1.0,1.69505,297.98979,1.69505,297.98979,0.024662989292351258
US,ALAB,2026-04-21,188.75,196.77,183.5,191.97,188.75,196.77,183.5,191.97,10877847.0,2069483197.1325,1.0,1.69505,325.398749,1.69505,325.398749,0.06417419545146161
US,ALAB,2026-04-22,199.07,200.21,187.24,194.06,199.07,200.21,187.24,194.06,6144200.0,1199009909.0,1.0,1.69505,328.941403,1.69505,328.941403,0.03624789829208578
US,ALAB,2026-04-23,190.1,204.49,190.1,197.54,190.1,204.49,190.1,197.54,5396500.0,1055326048.75,1.0,1.69505,334.840177,1.69505,334.840177,0.03183681897289165
US,ALAB,2026-04-24,203.24,214.24,202.62,212.84,203.24,214.24,202.62,212.84,6661900.0,1387240746.5,1.0,1.69505,360.774442,1.69505,360.774442,0.039302085484204004
US,ALAB,2026-04-27,209.66,210.92,193.22,196.64,209.66,210.92,193.22,196.64,5422540.0,1098660829.4,1.0,1.69505,333.314632,1.69505,333.314632,0.0319904427598006
US,ALAB,2026-04-28,181.2,190.1,179.54,183.31,181.2,190.1,179.54,183.31,4965300.0,911318748.75,1.0,1.69505,310.719615,1.69505,310.719615,0.029292941211173713
US,ALAB,2026-04-29,187.45,196.97,181.88,196.85,187.45,196.97,181.88,196.85,4959700.0,946248763.75,1.0,1.69505,333.670592,1.69505,333.670592,0.02925990383764491
US,ALAB,2026-04-30,199.68,200.46,184.21,194.74,199.68,200.46,184.21,194.74,5152000.0,1003467920.0,1.0,1.69505,330.094037,1.69505,330.094037,0.030394383646500104
US,ALAB,2026-05-01,195.98,205.1,192.59,202.68,195.98,205.1,192.59,202.68,4343615.0,864759451.3125,1.0,1.70726,346.027457,1.70726,346.027457,0.025442024061947215
US,ALAB,2026-05-04,204.04,209.38,199.81,201.25,204.04,209.38,199.81,201.25,4155500.0,846142910.0,1.0,1.70726,343.586075,1.70726,343.586075,0.024340170799995314
US,ALAB,2026-05-05,207.43,220.79,207.33,215.69,207.43,220.79,207.33,215.69,8142500.0,1732805425.0,1.0,1.70726,368.238909,1.70726,368.238909,0.04769338003584691
US,ALAB,2026-05-06,229.75,231.73,202.18,213.91,229.75,231.73,202.18,213.91,8553000.0,1876464052.5,1.0,1.70726,365.199987,1.70726,365.199987,0.05009781755561543
US,ALAB,2026-05-07,212.56,213.49,192.33,195.65,212.56,213.49,192.33,195.65,6551405.0,1333260053.0375,1.0,1.70726,334.025419,1.70726,334.025419,0.038373797781240115
US,ALAB,2026-05-08,202.0,203.5,189.69,199.79,202.0,203.5,189.69,199.79,4610117.0,916237703.165,1.0,1.70726,341.093475,1.70726,341.093475,0.027003016529409698
US,ALAB,2026-05-11,196.36,208.36,195.88,207.35,196.36,208.36,195.88,207.35,5615434.0,1134247475.075,1.0,1.70726,354.000361,1.70726,354.000361,0.032891498658669444
US,ALAB,2026-05-12,202.35,214.41,192.6,204.42,202.35,214.41,192.6,204.42,5053800.0,1028170341.0,1.0,1.70726,348.998089,1.70726,348.998089,0.029601818117919943
US,ALAB,2026-05-13,206.98,224.76,204.55,224.09,206.98,224.76,204.55,224.09,6415600.0,1379963482.0,1.0,1.70726,382.579893,1.70726,382.579893,0.03757834190457224
US,ALAB,2026-05-14,224.83,230.33,215.8,228.64,224.83,230.33,215.8,228.64,4615000.0,1037913500.0,1.0,1.70726,390.347926,1.70726,390.347926,0.027031617914084555
US,ALAB,2026-05-15,216.5,239.77,210.42,232.68,216.5,239.77,210.42,232.68,5941800.0,1335969166.5,1.0,1.70726,397.245257,1.70726,397.245257,0.03480313484765062
US,ALAB,2026-05-18,236.19,236.7,210.02,215.58,236.19,236.7,210.02,215.58,6161300.0,1383966609.25,1.0,1.70726,368.051111,1.70726,368.051111,0.036088820683434275
US,ALAB,2026-05-19,212.96,255.96,210.55,244.26,212.96,255.96,210.55,244.26,9430512.0,2177811712.44,1.0,1.70726,417.015328,1.70726,417.015328,0.05523770251748416
US,ALAB,2026-05-20,251.41,287.7,250.44,287.48,251.41,287.7,250.44,287.48,10294600.0,2771898259.5,1.0,1.70726,490.803105,1.70726,490.803105,0.06029895856518632
US,ALAB,2026-05-21,285.1,298.36,281.91,297.84,285.1,298.36,281.91,297.84,7004344.0,2036880746.06,1.0,1.70726,508.490318,1.70726,508.490318,0.04102681489638368
US,ALAB,2026-05-22,300.0,315.81,299.94,306.88,300.0,315.81,299.94,306.88,6527347.0,1995132565.6525,1.0,1.70726,523.923949,1.70726,523.923949,0.0382328819277673
US,ALAB,2026-05-26,315.0,321.99,290.5,318.72,315.0,321.99,290.5,318.72,8114900.0,2528217382.25,1.0,1.70726,544.137907,1.70726,544.137907,0.04753171748884177
US,ALAB,2026-05-27,323.5,326.97,305.74,325.33,323.5,326.97,305.74,325.33,5140913.0,1647071411.505,1.0,1.70726,555.422896,1.70726,555.422896,0.030112068460574255
US,ALAB,2026-05-28,334.08,354.53,326.66,349.17,334.08,354.53,326.66,349.17,5591818.0,1907425037.98,1.0,1.70726,596.123974,1.70726,596.123974,0.032753171748884174
US,ALAB,2026-05-29,348.0,350.87,329.61,342.85,348.0,350.87,329.61,342.85,5985713.0,2052096952.0725,1.0,1.70726,585.334091,1.70726,585.334091,0.03506034816020993
US,ALAB,2026-06-01,328.12,333.43,316.0,320.09,328.12,333.43,316.0,320.09,5559149.0,1803443527.09,1.0,1.70726,546.476853,1.70726,546.476853,0.03256181835221349
US,ALAB,2026-06-02,324.62,356.39,322.47,355.76,324.62,356.39,322.47,355.76,5572700.0,1893659187.0,1.0,1.70726,607.374818,1.70726,607.374818,0.032641191148389814
US,ALAB,2026-06-03,363.56,372.37,337.0,363.54,363.56,372.37,337.0,363.54,5309510.0,1906737957.425,1.0,1.70726,620.6573,1.70726,620.6573,0.03109959818656795
US,ALAB,2026-06-04,348.06,365.23,338.02,358.05,348.06,365.23,338.02,358.05,3785300.0,1333712602.0,1.0,1.70726,611.284443,1.70726,611.284443,0.022171784028208942
US,ALAB,2026-06-05,342.75,349.0,314.84,317.06,342.75,349.0,314.84,317.06,7315038.0,2420637512.175,1.0,1.70726,541.303856,1.70726,541.303856,0.0428466548738915
US,ALAB,2026-06-08,330.5,353.79,328.01,346.33,330.5,353.79,328.01,346.33,5048500.0,1714760888.75,1.0,1.70726,591.275356,1.70726,591.275356,0.029570774223024027
US,ALAB,2026-06-09,354.51,372.14,303.0,341.7,354.51,372.14,303.0,341.7,7378100.0,2529489358.75,1.0,1.70726,583.370742,1.70726,583.370742,0.04321603036444361
US,ALAB,2026-06-10,334.01,360.78,329.4,330.86,334.01,360.78,329.4,330.86,5895347.0,1997122488.0875,1.0,1.70726,564.864044,1.70726,564.864044,0.03453104389489591
US,ALAB,2026-06-11,339.88,367.88,339.25,367.47,339.88,367.88,339.25,367.47,5728901.0,2025853971.62,1.0,1.70726,627.366832,1.70726,627.366832,0.03355611330435903
US,ALAB,2026-06-12,379.74,390.99,360.06,367.15,379.74,390.99,360.06,367.15,5380744.0,2015007916.84,1.0,1.70726,626.820509,1.70726,626.820509,0.031516839848646366
US,ALAB,2026-06-15,382.5,398.13,364.41,389.2,382.5,398.13,364.41,389.2,5332824.0,2045457973.44,1.0,1.70726,664.465592,1.70726,664.465592,0.03123615618007802
US,ALAB,2026-06-16,383.64,397.66,360.89,361.71,383.64,397.66,360.89,361.71,5938643.0,2232781301.925,1.0,1.70726,617.533015,1.70726,617.533015,0.03478464322950224
US,ALAB,2026-06-17,377.82,393.79,370.01,374.68,377.82,393.79,370.01,374.68,5122000.0,1941622150.0,1.0,1.70726,639.676177,1.70726,639.676177,0.030001288614505114
US,ALAB,2026-06-18,384.73,421.2,384.73,417.07,384.73,421.2,384.73,417.07,17600389.0,7074168351.7425,1.0,1.70726,712.046928,1.70726,712.046928,0.10309143891381511
